[
  {
    "service_name": "Banks_1",
    "description": "Manage bank accounts and transfer money",
    "slots": [
      {
        "name": "account_type",
        "description": "The account type of the user",
        "is_categorical": true,
        "possible_values": [
          "checking",
          "savings"
        ]
      },
      {
        "name": "recipient_account_type",
        "description": "The account type of the recipient whom the user is transfering money to",
        "is_categorical": true,
        "possible_values": [
          "checking",
          "savings"
        ]
      },
      {
        "name": "balance",
        "description": "The amount of money held in a bank account at a given time",
        "is_categorical": false,
        "possible_values": []
      },
      {
        "name": "amount",
        "description": "The amount of money to transfer",
        "is_categorical": false,
        "possible_values": []
      },
      {
        "name": "recipient_account_name",
        "description": "The account name of the recipient who is to receive the transfered money",
        "is_categorical": false,
        "possible_values": []
      }
    ],
    "intents": [
      {
        "name": "CheckBalance",
        "description": "Check the amount of money in a user's bank account",
        "is_transactional": false,
        "required_slots": [
          "account_type"
        ],
        "optional_slots": {},
        "result_slots": [
          "account_type",
          "balance"
        ]
      },
      {
        "name": "TransferMoney",
        "description": "Transfer money from one bank account to another user's account",
        "is_transactional": true,
        "required_slots": [
          "account_type",
          "amount",
          "recipient_account_name"
        ],
        "optional_slots": {
          "recipient_account_type": "checking"
        },
        "result_slots": [
          "account_type",
          "recipient_account_type",
          "amount",
          "recipient_account_name"
        ]
      }
    ]
  },
  {
    "service_name": "Buses_1",
    "description": "Book bus journeys from the biggest bus network in the country",
    "slots": [
      {
        "name": "from_location",
        "description": "City where bus is leaving from",
        "is_categorical": false,
        "possible_values": []
      },
      {
        "name": "to_location",
        "description": "City where bus is going to",
        "is_categorical": false,
        "possible_values": []
      },
      {
        "name": "from_station",
        "description": "Station where bus is leaving from",
        "is_categorical": false,
        "possible_values": []
      },
      {
        "name": "to_station",
        "description": "Station where bus is going to",
        "is_categorical": false,
        "possible_values": []
      },
      {
        "name": "leaving_date",
        "description": "Date of bus leaving for journey",
        "is_categorical": false,
        "possible_values": []
      },
      {
        "name": "leaving_time",
        "description": "Time of bus leaving for journey",
        "is_categorical": false,
        "possible_values": []
      },
      {
        "name": "fare",
        "description": "Fare per ticket for journey",
        "is_categorical": false,
        "possible_values": []
      },
      {
        "name": "travelers",
        "description": "Number of travelers for journey",
        "is_categorical": true,
        "possible_values": [
          "1",
          "2",
          "3",
          "4",
          "5"
        ]
      },
      {
        "name": "transfers",
        "description": "Number of transfers in journey",
        "is_categorical": true,
        "possible_values": [
          "0",
          "1"
        ]
      }
    ],
    "intents": [
      {
        "name": "FindBus",
        "description": "Find a bus journey for a given pair of cities",
        "is_transactional": false,
        "required_slots": [
          "from_location",
          "to_location",
          "leaving_date"
        ],
        "optional_slots": {
          "travelers": "1"
        },
        "result_slots": [
          "from_location",
          "to_location",
          "from_station",
          "to_station",
          "leaving_date",
          "leaving_time",
          "fare",
          "travelers",
          "transfers"
        ]
      },
      {
        "name": "BuyBusTicket",
        "description": "Buy tickets for a bus journey",
        "is_transactional": true,
        "required_slots": [
          "from_location",
          "to_location",
          "leaving_date",
          "leaving_time",
          "travelers"
        ],
        "optional_slots": {},
        "result_slots": [
          "from_location",
          "to_location",
          "from_station",
          "to_station",
          "leaving_date",
          "leaving_time",
          "fare",
          "travelers",
          "transfers"
        ]
      }
    ]
  },
  {
    "service_name": "Buses_2",
    "description": "Find a bus to take you to the city you want",
    "slots": [
      {
        "name": "origin",
        "description": "Origin city for journey",
        "is_categorical": false,
        "possible_values": []
      },
      {
        "name": "destination",
        "description": "Destination city for journey",
        "is_categorical": false,
        "possible_values": []
      },
      {
        "name": "origin_station_name",
        "description": "Name of the bus terminus at the origin",
        "is_categorical": false,
        "possible_values": []
      },
      {
        "name": "destination_station_name",
        "description": "Name of the bus terminus at the destination",
        "is_categorical": false,
        "possible_values": []
      },
      {
        "name": "departure_date",
        "description": "Date of bus departure",
        "is_categorical": false,
        "possible_values": []
      },
      {
        "name": "price",
        "description": "Price per ticket of the itinerary",
        "is_categorical": false,
        "possible_values": []
      },
      {
        "name": "departure_time",
        "description": "Time of bus departure",
        "is_categorical": false,
        "possible_values": []
      },
      {
        "name": "group_size",
        "description": "Size of group for the booking",
        "is_categorical": true,
        "possible_values": [
          "1",
          "2",
          "3",
          "4",
          "5"
        ]
      },
      {
        "name": "fare_type",
        "description": "Type of fare for the booking",
        "is_categorical": true,
        "possible_values": [
          "Economy",
          "Economy extra",
          "Flexible"
        ]
      }
    ],
    "intents": [
      {
        "name": "FindBus",
        "description": "Find a bus itinerary between cities for a given date",
        "is_transactional": false,
        "required_slots": [
          "origin",
          "destination",
          "departure_date"
        ],
        "optional_slots": {
          "fare_type": "Economy",
          "group_size": "1"
        },
        "result_slots": [
          "origin",
          "destination",
          "origin_station_name",
          "destination_station_name",
          "departure_date",
          "price",
          "departure_time",
          "group_size",
          "fare_type"
        ]
      },
      {
        "name": "BuyBusTicket",
        "description": "Buy tickets for a bus itinerary",
        "is_transactional": true,
        "required_slots": [
          "origin",
          "destination",
          "departure_date",
          "departure_time",
          "group_size"
        ],
        "optional_slots": {
          "fare_type": "Economy"
        },
        "result_slots": [
          "origin",
          "destination",
          "origin_station_name",
          "destination_station_name",
          "departure_date",
          "price",
          "departure_time",
          "group_size",
          "fare_type"
        ]
      }
    ]
  },
  {
    "service_name": "Calendar_1",
    "description": "Calendar service to manage personal events and reservations",
    "slots": [
      {
        "name": "event_date",
        "description": "Date of event or for checking availability",
        "is_categorical": false,
        "possible_values": []
      },
      {
        "name": "event_time",
        "description": "Start time of event",
        "is_categorical": false,
        "possible_values": []
      },
      {
        "name": "event_location",
        "description": "Location of event",
        "is_categorical": false,
        "possible_values": []
      },
      {
        "name": "event_name",
        "description": "Title of event",
        "is_categorical": false,
        "possible_values": []
      },
      {
        "name": "available_start_time",
        "description": "Starting time of available time slot",
        "is_categorical": false,
        "possible_values": []
      },
      {
        "name": "available_end_time",
        "description": "Ending time of available time slot",
        "is_categorical": false,
        "possible_values": []
      }
    ],
    "intents": [
      {
        "name": "GetEvents",
        "description": "Get list of all calendar events for the user on a given day",
        "is_transactional": false,
        "required_slots": [
          "event_date"
        ],
        "optional_slots": {},
        "result_slots": [
          "event_date",
          "event_time",
          "event_location",
          "event_name"
        ]
      },
      {
        "name": "GetAvailableTime",
        "description": "Get a list of available times for the user on a given day",
        "is_transactional": false,
        "required_slots": [
          "event_date"
        ],
        "optional_slots": {},
        "result_slots": [
          "event_date",
          "available_start_time",
          "available_end_time"
        ]
      },
      {
        "name": "AddEvent",
        "description": "Add event to the user's calendar",
        "is_transactional": true,
        "required_slots": [
          "event_name",
          "event_date",
          "event_location",
          "event_time"
        ],
        "optional_slots": {},
        "result_slots": [
          "event_date",
          "event_time",
          "event_location",
          "event_name"
        ]
      }
    ]
  },
  {
    "service_name": "Events_1",
    "description": "The comprehensive portal to find and reserve seats at events near you",
    "slots": [
      {
        "name": "category",
        "description": "Type of event",
        "is_categorical": true,
        "possible_values": [
          "Music",
          "Sports"
        ]
      },
      {
        "name": "subcategory",
        "description": "Subcategory of event, either a music genre or sport name",
        "is_categorical": false,
        "possible_values": []
      },
      {
        "name": "event_name",
        "description": "Name of event",
        "is_categorical": false,
        "possible_values": []
      },
      {
        "name": "date",
        "description": "Date of occurrence of event",
        "is_categorical": false,
        "possible_values": []
      },
      {
        "name": "time",
        "description": "Time when the event is scheduled to start",
        "is_categorical": false,
        "possible_values": []
      },
      {
        "name": "number_of_seats",
        "description": "Number of seats to find event tickets for",
        "is_categorical": true,
        "possible_values": [
          "1",
          "2",
          "3",
          "4",
          "5",
          "6",
          "7",
          "8",
          "9"
        ]
      },
      {
        "name": "city_of_event",
        "description": "City where event is happening",
        "is_categorical": false,
        "possible_values": []
      },
      {
        "name": "event_location",
        "description": "Name of event location",
        "is_categorical": false,
        "possible_values": []
      },
      {
        "name": "address_of_location",
        "description": "Street address of event location",
        "is_categorical": false,
        "possible_values": []
      }
    ],
    "intents": [
      {
        "name": "FindEvents",
        "description": "Find events in a given city",
        "is_transactional": false,
        "required_slots": [
          "category",
          "city_of_event"
        ],
        "optional_slots": {
          "date": "dontcare",
          "subcategory": "dontcare"
        },
        "result_slots": [
          "category",
          "subcategory",
          "event_name",
          "date",
          "time",
          "city_of_event",
          "event_location",
          "address_of_location"
        ]
      },
      {
        "name": "BuyEventTickets",
        "description": "Buy tickets for an event",
        "is_transactional": true,
        "required_slots": [
          "event_name",
          "number_of_seats",
          "date",
          "city_of_event"
        ],
        "optional_slots": {},
        "result_slots": [
          "event_name",
          "date",
          "time",
          "number_of_seats",
          "city_of_event",
          "event_location",
          "address_of_location"
        ]
      }
    ]
  },
  {
    "service_name": "Events_2",
    "description": "Get tickets for the coolest concerts and sports in your area",
    "slots": [
      {
        "name": "event_type",
        "description": "Type of event",
        "is_categorical": true,
        "possible_values": [
          "Music",
          "Sports"
        ]
      },
      {
        "name": "category",
        "description": "The sport or music subcategory",
        "is_categorical": false,
        "possible_values": []
      },
      {
        "name": "event_name",
        "description": "Name of match or artist for event",
        "is_categorical": false,
        "possible_values": []
      },
      {
        "name": "date",
        "description": "Date of event",
        "is_categorical": false,
        "possible_values": []
      },
      {
        "name": "time",
        "description": "Starting time for event",
        "is_categorical": false,
        "possible_values": []
      },
      {
        "name": "number_of_tickets",
        "description": "Number of tickets to buy for event",
        "is_categorical": true,
        "possible_values": [
          "1",
          "2",
          "3",
          "4",
          "5",
          "6",
          "7",
          "8",
          "9"
        ]
      },
      {
        "name": "city",
        "description": "City where the event is taking place",
        "is_categorical": false,
        "possible_values": []
      },
      {
        "name": "venue",
        "description": "Exact venue of event",
        "is_categorical": false,
        "possible_values": []
      },
      {
        "name": "venue_address",
        "description": "Address of event venue",
        "is_categorical": false,
        "possible_values": []
      }
    ],
    "intents": [
      {
        "name": "FindEvents",
        "description": "Find concerts and games happening in your area",
        "is_transactional": false,
        "required_slots": [
          "event_type",
          "city"
        ],
        "optional_slots": {
          "date": "dontcare",
          "category": "dontcare"
        },
        "result_slots": [
          "event_type",
          "category",
          "event_name",
          "date",
          "time",
          "city",
          "venue",
          "venue_address"
        ]
      },
      {
        "name": "GetEventDates",
        "description": "Get dates on which a given event is taking place",
        "is_transactional": false,
        "required_slots": [
          "event_name",
          "city"
        ],
        "optional_slots": {},
        "result_slots": [
          "event_name",
          "date",
          "time",
          "city",
          "venue",
          "venue_address"
        ]
      },
      {
        "name": "BuyEventTickets",
        "description": "Buy tickets for an event",
        "is_transactional": true,
        "required_slots": [
          "event_name",
          "number_of_tickets",
          "date",
          "city"
        ],
        "optional_slots": {},
        "result_slots": [
          "event_name",
          "date",
          "time",
          "number_of_tickets",
          "city",
          "venue",
          "venue_address"
        ]
      }
    ]
  },
  {
    "service_name": "Flights_1",
    "description": "Find your next flight",
    "slots": [
      {
        "name": "passengers",
        "description": "Number of passengers in the booking",
        "is_categorical": true,
        "possible_values": [
          "1",
          "2",
          "3",
          "4"
        ]
      },
      {
        "name": "seating_class",
        "description": "Seating class for the booking",
        "is_categorical": true,
        "possible_values": [
          "Economy",
          "Premium Economy",
          "Business",
          "First Class"
        ]
      },
      {
        "name": "origin_city",
        "description": "Starting city for the trip",
        "is_categorical": false,
        "possible_values": []
      },
      {
        "name": "destination_city",
        "description": "Ending city for the trip",
        "is_categorical": false,
        "possible_values": []
      },
      {
        "name": "origin_airport",
        "description": "Airport at the starting city for the trip",
        "is_categorical": false,
        "possible_values": []
      },
      {
        "name": "destination_airport",
        "description": "Airport at the ending city for the trip",
        "is_categorical": false,
        "possible_values": []
      },
      {
        "name": "departure_date",
        "description": "Start date for the trip",
        "is_categorical": false,
        "possible_values": []
      },
      {
        "name": "return_date",
        "description": "Date of the return flight",
        "is_categorical": false,
        "possible_values": []
      },
      {
        "name": "number_stops",
        "description": "Number of layovers in the flight",
        "is_categorical": true,
        "possible_values": [
          "0",
          "1"
        ]
      },
      {
        "name": "outbound_departure_time",
        "description": "Departure time for the outbound leg flight",
        "is_categorical": false,
        "possible_values": []
      },
      {
        "name": "outbound_arrival_time",
        "description": "Arrival time for the outbound leg flight",
        "is_categorical": false,
        "possible_values": []
      },
      {
        "name": "inbound_arrival_time",
        "description": "Arrival time for the return leg flight",
        "is_categorical": false,
        "possible_values": []
      },
      {
        "name": "inbound_departure_time",
        "description": "Departure time for the return leg flight",
        "is_categorical": false,
        "possible_values": []
      },
      {
        "name": "price",
        "description": "Price of the booking per passenger",
        "is_categorical": false,
        "possible_values": []
      },
      {
        "name": "refundable",
        "description": "Whether the booking is refundable or not",
        "is_categorical": true,
        "possible_values": [
          "True",
          "False"
        ]
      },
      {
        "name": "airlines",
        "description": "Name of airline",
        "is_categorical": true,
        "possible_values": [
          "United Airlines",
          "American Airlines",
          "Delta Airlines",
          "Southwest Airlines",
          "Alaska Airlines",
          "British Airways",
          "Air Canada",
          "Air France"
        ]
      }
    ],
    "intents": [
      {
        "name": "SearchOnewayFlight",
        "description": "Search for one-way flights to a destination",
        "is_transactional": false,
        "required_slots": [
          "origin_city",
          "destination_city",
          "departure_date"
        ],
        "optional_slots": {
          "airlines": "dontcare",
          "refundable": "dontcare",
          "passengers": "1",
          "seating_class": "Economy"
        },
        "result_slots": [
          "passengers",
          "seating_class",
          "origin_city",
          "destination_city",
          "origin_airport",
          "destination_airport",
          "departure_date",
          "number_stops",
          "outbound_departure_time",
          "outbound_arrival_time",
          "price",
          "refundable",
          "airlines"
        ]
      },
      {
        "name": "SearchRoundtripFlights",
        "description": "Search for round-trip flights to a destination",
        "is_transactional": false,
        "required_slots": [
          "origin_city",
          "destination_city",
          "departure_date",
          "return_date"
        ],
        "optional_slots": {
          "airlines": "dontcare",
          "refundable": "dontcare",
          "passengers": "1",
          "seating_class": "Economy"
        },
        "result_slots": [
          "passengers",
          "seating_class",
          "origin_city",
          "destination_city",
          "origin_airport",
          "destination_airport",
          "departure_date",
          "return_date",
          "number_stops",
          "outbound_departure_time",
          "outbound_arrival_time",
          "inbound_arrival_time",
          "inbound_departure_time",
          "price",
          "refundable",
          "airlines"
        ]
      },
      {
        "name": "ReserveOnewayFlight",
        "description": "Reserve a one-way flight",
        "is_transactional": true,
        "required_slots": [
          "origin_city",
          "destination_city",
          "airlines",
          "departure_date"
        ],
        "optional_slots": {
          "refundable": "dontcare",
          "passengers": "1",
          "seating_class": "Economy"
        },
        "result_slots": [
          "passengers",
          "seating_class",
          "origin_city",
          "destination_city",
          "origin_airport",
          "destination_airport",
          "departure_date",
          "number_stops",
          "outbound_departure_time",
          "outbound_arrival_time",
          "price",
          "refundable",
          "airlines"
        ]
      },
      {
        "name": "ReserveRoundtripFlights",
        "description": "Reserve a round-trip flight",
        "is_transactional": true,
        "required_slots": [
          "origin_city",
          "destination_city",
          "airlines",
          "departure_date",
          "return_date",
          "outbound_departure_time",
          "inbound_departure_time"
        ],
        "optional_slots": {
          "refundable": "dontcare",
          "passengers": "1",
          "seating_class": "Economy"
        },
        "result_slots": [
          "passengers",
          "seating_class",
          "origin_city",
          "destination_city",
          "origin_airport",
          "destination_airport",
          "departure_date",
          "return_date",
          "number_stops",
          "outbound_departure_time",
          "outbound_arrival_time",
          "inbound_arrival_time",
          "inbound_departure_time",
          "price",
          "refundable",
          "airlines"
        ]
      }
    ]
  },
  {
    "service_name": "Flights_2",
    "description": "Search for cheap flights across multiple providers",
    "slots": [
      {
        "name": "passengers",
        "description": "Number of passengers to book tickets for",
        "is_categorical": true,
        "possible_values": [
          "1",
          "2",
          "3",
          "4"
        ]
      },
      {
        "name": "seating_class",
        "description": "Seating class for the flight tickets",
        "is_categorical": true,
        "possible_values": [
          "Economy",
          "Premium Economy",
          "Business",
          "First Class"
        ]
      },
      {
        "name": "origin",
        "description": "City of origin for the flight",
        "is_categorical": false,
        "possible_values": []
      },
      {
        "name": "destination",
        "description": "City of destination for the flight",
        "is_categorical": false,
        "possible_values": []
      },
      {
        "name": "origin_airport",
        "description": "Airport where the flight is departing from",
        "is_categorical": false,
        "possible_values": []
      },
      {
        "name": "destination_airport",
        "description": "Airport where the flight is arriving to",
        "is_categorical": false,
        "possible_values": []
      },
      {
        "name": "departure_date",
        "description": "Date of departure flight on the ticket",
        "is_categorical": false,
        "possible_values": []
      },
      {
        "name": "return_date",
        "description": "Date of return flight on the ticket",
        "is_categorical": false,
        "possible_values": []
      },
      {
        "name": "number_stops",
        "description": "Number of stopovers made by the flight",
        "is_categorical": true,
        "possible_values": [
          "0",
          "1"
        ]
      },
      {
        "name": "outbound_departure_time",
        "description": "Departure time of the origin-destination flight",
        "is_categorical": false,
        "possible_values": []
      },
      {
        "name": "outbound_arrival_time",
        "description": "Arrival time of the origin-destination flight",
        "is_categorical": false,
        "possible_values": []
      },
      {
        "name": "inbound_arrival_time",
        "description": "Arrival time of the destination-origin flight",
        "is_categorical": false,
        "possible_values": []
      },
      {
        "name": "inbound_departure_time",
        "description": "Departure time of the destination-origin flight",
        "is_categorical": false,
        "possible_values": []
      },
      {
        "name": "fare",
        "description": "Ticket fare for each passenger",
        "is_categorical": false,
        "possible_values": []
      },
      {
        "name": "is_redeye",
        "description": "Boolean flag indicating whether the flight is a red-eye flight",
        "is_categorical": true,
        "possible_values": [
          "True",
          "False"
        ]
      },
      {
        "name": "airlines",
        "description": "Name of the airline to book with",
        "is_categorical": true,
        "possible_values": [
          "United Airlines",
          "American Airlines",
          "Delta Airlines",
          "Southwest Airlines",
          "Alaska Airlines",
          "British Airways",
          "Air Canada",
          "Air France"
        ]
      }
    ],
    "intents": [
      {
        "name": "SearchOnewayFlight",
        "description": "Search for a one way flight with your set of preferences",
        "is_transactional": false,
        "required_slots": [
          "origin",
          "destination",
          "departure_date"
        ],
        "optional_slots": {
          "airlines": "dontcare",
          "passengers": "1",
          "seating_class": "Economy"
        },
        "result_slots": [
          "passengers",
          "seating_class",
          "origin",
          "destination",
          "origin_airport",
          "destination_airport",
          "departure_date",
          "number_stops",
          "outbound_departure_time",
          "outbound_arrival_time",
          "fare",
          "is_redeye",
          "airlines"
        ]
      },
      {
        "name": "SearchRoundtripFlights",
        "description": "Search for round trip flights with your set of preferences",
        "is_transactional": false,
        "required_slots": [
          "origin",
          "destination",
          "departure_date",
          "return_date"
        ],
        "optional_slots": {
          "airlines": "dontcare",
          "passengers": "1",
          "seating_class": "Economy"
        },
        "result_slots": [
          "passengers",
          "seating_class",
          "origin",
          "destination",
          "origin_airport",
          "destination_airport",
          "departure_date",
          "return_date",
          "number_stops",
          "outbound_departure_time",
          "outbound_arrival_time",
          "inbound_arrival_time",
          "inbound_departure_time",
          "fare",
          "is_redeye",
          "airlines"
        ]
      }
    ]
  },
  {
    "service_name": "Homes_1",
    "description": "A widely used service for finding apartments and scheduling visits",
    "slots": [
      {
        "name": "area",
        "description": "City where the apartment is located",
        "is_categorical": false,
        "possible_values": []
      },
      {
        "name": "address",
        "description": "Address of the apartment",
        "is_categorical": false,
        "possible_values": []
      },
      {
        "name": "property_name",
        "description": "Name of the apartment",
        "is_categorical": false,
        "possible_values": []
      },
      {
        "name": "phone_number",
        "description": "Phone number of the apartment",
        "is_categorical": false,
        "possible_values": []
      },
      {
        "name": "furnished",
        "description": "Boolean flag indicating if the property is furnished",
        "is_categorical": true,
        "possible_values": [
          "True",
          "False"
        ]
      },
      {
        "name": "pets_allowed",
        "description": "Boolean flag indicating if pets are allowed",
        "is_categorical": true,
        "possible_values": [
          "True",
          "False"
        ]
      },
      {
        "name": "rent",
        "description": "Rent per month of the apartment",
        "is_categorical": false,
        "possible_values": []
      },
      {
        "name": "visit_date",
        "description": "Date for the visit to the apartment",
        "is_categorical": false,
        "possible_values": []
      },
      {
        "name": "number_of_beds",
        "description": "Number of bed rooms",
        "is_categorical": true,
        "possible_values": [
          "1",
          "2",
          "3",
          "4"
        ]
      },
      {
        "name": "number_of_baths",
        "description": "Number of baths in the apartment",
        "is_categorical": true,
        "possible_values": [
          "1",
          "2",
          "3",
          "4"
        ]
      }
    ],
    "intents": [
      {
        "name": "FindApartment",
        "description": "Find an apartment in a city for a given number of bedrooms",
        "is_transactional": false,
        "required_slots": [
          "area",
          "number_of_beds"
        ],
        "optional_slots": {
          "furnished": "dontcare",
          "pets_allowed": "dontcare",
          "number_of_baths": "dontcare"
        },
        "result_slots": [
          "area",
          "address",
          "property_name",
          "phone_number",
          "furnished",
          "pets_allowed",
          "rent",
          "number_of_beds",
          "number_of_baths"
        ]
      },
      {
        "name": "ScheduleVisit",
        "description": "Schedule a visit for a given property on a particular date",
        "is_transactional": true,
        "required_slots": [
          "property_name",
          "visit_date"
        ],
        "optional_slots": {},
        "result_slots": [
          "address",
          "property_name",
          "phone_number",
          "furnished",
          "pets_allowed",
          "rent",
          "visit_date",
          "number_of_beds",
          "number_of_baths"
        ]
      }
    ]
  },
  {
    "service_name": "Hotels_1",
    "description": "A popular service for searching and reserving rooms in hotels",
    "slots": [
      {
        "name": "destination",
        "description": "Location of the hotel",
        "is_categorical": false,
        "possible_values": []
      },
      {
        "name": "number_of_rooms",
        "description": "Number of rooms in the reservation",
        "is_categorical": true,
        "possible_values": [
          "1",
          "2",
          "3"
        ]
      },
      {
        "name": "check_in_date",
        "description": "Start date for the reservation",
        "is_categorical": false,
        "possible_values": []
      },
      {
        "name": "number_of_days",
        "description": "Number of days in the reservation",
        "is_categorical": false,
        "possible_values": []
      },
      {
        "name": "star_rating",
        "description": "Star rating of the hotel",
        "is_categorical": true,
        "possible_values": [
          "1",
          "2",
          "3",
          "4",
          "5"
        ]
      },
      {
        "name": "hotel_name",
        "description": "Name of the hotel",
        "is_categorical": false,
        "possible_values": []
      },
      {
        "name": "street_address",
        "description": "Address of the hotel",
        "is_categorical": false,
        "possible_values": []
      },
      {
        "name": "phone_number",
        "description": "Phone number of the hotel",
        "is_categorical": false,
        "possible_values": []
      },
      {
        "name": "price_per_night",
        "description": "Price per night for the reservation",
        "is_categorical": false,
        "possible_values": []
      },
      {
        "name": "has_wifi",
        "description": "Boolean flag indicating if the hotel has wifi",
        "is_categorical": true,
        "possible_values": [
          "True",
          "False"
        ]
      }
    ],
    "intents": [
      {
        "name": "ReserveHotel",
        "description": "Reserve a selected hotel for given dates",
        "is_transactional": true,
        "required_slots": [
          "hotel_name",
          "check_in_date",
          "number_of_days",
          "destination"
        ],
        "optional_slots": {
          "number_of_rooms": "1"
        },
        "result_slots": [
          "destination",
          "number_of_rooms",
          "check_in_date",
          "number_of_days",
          "star_rating",
          "hotel_name",
          "street_address",
          "phone_number",
          "price_per_night",
          "has_wifi"
        ]
      },
      {
        "name": "SearchHotel",
        "description": "Find a hotel at a given location",
        "is_transactional": false,
        "required_slots": [
          "destination"
        ],
        "optional_slots": {
          "number_of_rooms": "dontcare",
          "has_wifi": "dontcare",
          "star_rating": "dontcare"
        },
        "result_slots": [
          "destination",
          "number_of_rooms",
          "star_rating",
          "hotel_name",
          "street_address",
          "phone_number",
          "price_per_night",
          "has_wifi"
        ]
      }
    ]
  },
  {
    "service_name": "Hotels_2",
    "description": "A popular service for searching and booking houses for short term stay",
    "slots": [
      {
        "name": "where_to",
        "description": "Location of the house",
        "is_categorical": false,
        "possible_values": []
      },
      {
        "name": "number_of_adults",
        "description": "Number of people for the reservation",
        "is_categorical": true,
        "possible_values": [
          "1",
          "2",
          "3",
          "4",
          "5"
        ]
      },
      {
        "name": "check_in_date",
        "description": "Start date for the reservation or to find the house",
        "is_categorical": false,
        "possible_values": []
      },
      {
        "name": "check_out_date",
        "description": "End date for the reservation or to find the house",
        "is_categorical": false,
        "possible_values": []
      },
      {
        "name": "rating",
        "description": "Review rating of the house",
        "is_categorical": false,
        "possible_values": []
      },
      {
        "name": "address",
        "description": "Address of the house",
        "is_categorical": false,
        "possible_values": []
      },
      {
        "name": "phone_number",
        "description": "Phone number of the house",
        "is_categorical": false,
        "possible_values": []
      },
      {
        "name": "total_price",
        "description": "Price per night of the house",
        "is_categorical": false,
        "possible_values": []
      },
      {
        "name": "has_laundry_service",
        "description": "Boolean flag indicating if the house has laundry service",
        "is_categorical": true,
        "possible_values": [
          "True",
          "False"
        ]
      }
    ],
    "intents": [
      {
        "name": "BookHouse",
        "description": "Book the selected house for given dates and number of adults",
        "is_transactional": true,
        "required_slots": [
          "where_to",
          "number_of_adults",
          "check_in_date",
          "check_out_date"
        ],
        "optional_slots": {},
        "result_slots": [
          "where_to",
          "number_of_adults",
          "check_in_date",
          "check_out_date",
          "rating",
          "address",
          "phone_number",
          "total_price",
          "has_laundry_service"
        ]
      },
      {
        "name": "SearchHouse",
        "description": "Find a house at a given location",
        "is_transactional": false,
        "required_slots": [
          "where_to"
        ],
        "optional_slots": {
          "rating": "dontcare",
          "has_laundry_service": "dontcare",
          "number_of_adults": "dontcare"
        },
        "result_slots": [
          "where_to",
          "number_of_adults",
          "rating",
          "address",
          "phone_number",
          "total_price",
          "has_laundry_service"
        ]
      }
    ]
  },
  {
    "service_name": "Hotels_3",
    "description": "A leading provider for searching and booking hotel rooms",
    "slots": [
      {
        "name": "location",
        "description": "Location of the hotel",
        "is_categorical": false,
        "possible_values": []
      },
      {
        "name": "number_of_rooms",
        "description": "Number of rooms to book",
        "is_categorical": true,
        "possible_values": [
          "1",
          "2",
          "3"
        ]
      },
      {
        "name": "check_in_date",
        "description": "Start date for the hotel reservation",
        "is_categorical": false,
        "possible_values": []
      },
      {
        "name": "check_out_date",
        "description": "End date for the hotel reservation",
        "is_categorical": false,
        "possible_values": []
      },
      {
        "name": "average_rating",
        "description": "Average review rating for the hotel",
        "is_categorical": false,
        "possible_values": []
      },
      {
        "name": "hotel_name",
        "description": "Name of the hotel",
        "is_categorical": false,
        "possible_values": []
      },
      {
        "name": "street_address",
        "description": "Address of the hotel",
        "is_categorical": false,
        "possible_values": []
      },
      {
        "name": "phone_number",
        "description": "Phone number of the hotel",
        "is_categorical": false,
        "possible_values": []
      },
      {
        "name": "price",
        "description": "Total price for the stay",
        "is_categorical": false,
        "possible_values": []
      },
      {
        "name": "pets_welcome",
        "description": "Boolean flag indicating if pets are allowed in the hotel",
        "is_categorical": true,
        "possible_values": [
          "True",
          "False"
        ]
      }
    ],
    "intents": [
      {
        "name": "ReserveHotel",
        "description": "Reserve a selected hotel for given dates",
        "is_transactional": true,
        "required_slots": [
          "hotel_name",
          "location",
          "check_in_date",
          "check_out_date"
        ],
        "optional_slots": {
          "number_of_rooms": "1"
        },
        "result_slots": [
          "location",
          "number_of_rooms",
          "check_in_date",
          "check_out_date",
          "average_rating",
          "hotel_name",
          "street_address",
          "phone_number",
          "price",
          "pets_welcome"
        ]
      },
      {
        "name": "SearchHotel",
        "description": "Search for a hotel based on location",
        "is_transactional": false,
        "required_slots": [
          "location"
        ],
        "optional_slots": {
          "number_of_rooms": "dontcare",
          "pets_welcome": "dontcare"
        },
        "result_slots": [
          "location",
          "number_of_rooms",
          "average_rating",
          "hotel_name",
          "street_address",
          "phone_number",
          "price",
          "pets_welcome"
        ]
      }
    ]
  },
  {
    "service_name": "Media_1",
    "description": "A leading provider of movies for searching and watching on-demand",
    "slots": [
      {
        "name": "title",
        "description": "Title of the movie",
        "is_categorical": false,
        "possible_values": []
      },
      {
        "name": "genre",
        "description": "Genre of the movie",
        "is_categorical": false,
        "possible_values": []
      },
      {
        "name": "subtitles",
        "description": "Boolean flag indicating if subtitles are desired for this movie",
        "is_categorical": true,
        "possible_values": [
          "True",
          "False"
        ]
      },
      {
        "name": "directed_by",
        "description": "Name of the director of the movie",
        "is_categorical": false,
        "possible_values": []
      }
    ],
    "intents": [
      {
        "name": "FindMovies",
        "description": "Find movies by genre and optionally director",
        "is_transactional": false,
        "required_slots": [
          "genre"
        ],
        "optional_slots": {
          "directed_by": "dontcare"
        },
        "result_slots": [
          "title",
          "genre",
          "subtitles",
          "directed_by"
        ]
      },
      {
        "name": "PlayMovie",
        "description": "Play the selected movie",
        "is_transactional": true,
        "required_slots": [
          "title"
        ],
        "optional_slots": {
          "subtitles": "False"
        },
        "result_slots": [
          "title",
          "genre",
          "subtitles",
          "directed_by"
        ]
      }
    ]
  },
  {
    "service_name": "Movies_1",
    "description": "A go-to provider for finding movies, searching for show times and booking tickets",
    "slots": [
      {
        "name": "price",
        "description": "Price per ticket",
        "is_categorical": false,
        "possible_values": []
      },
      {
        "name": "number_of_tickets",
        "description": "Number of the movie tickets to be purchased",
        "is_categorical": true,
        "possible_values": [
          "1",
          "2",
          "3",
          "4",
          "5",
          "6",
          "7",
          "8",
          "9"
        ]
      },
      {
        "name": "show_type",
        "description": "Type of show",
        "is_categorical": true,
        "possible_values": [
          "regular",
          "3d",
          "imax"
        ]
      },
      {
        "name": "theater_name",
        "description": "Name of the theatre",
        "is_categorical": false,
        "possible_values": []
      },
      {
        "name": "show_time",
        "description": "Time of the show",
        "is_categorical": false,
        "possible_values": []
      },
      {
        "name": "show_date",
        "description": "Date of the show",
        "is_categorical": false,
        "possible_values": []
      },
      {
        "name": "genre",
        "description": "Genre of the movie",
        "is_categorical": false,
        "possible_values": []
      },
      {
        "name": "street_address",
        "description": "Address of the theatre",
        "is_categorical": false,
        "possible_values": []
      },
      {
        "name": "location",
        "description": "City where the theatre is located",
        "is_categorical": false,
        "possible_values": []
      },
      {
        "name": "movie_name",
        "description": "Name of the movie",
        "is_categorical": false,
        "possible_values": []
      }
    ],
    "intents": [
      {
        "name": "BuyMovieTickets",
        "description": "Buy movie tickets for a particular show",
        "is_transactional": true,
        "required_slots": [
          "movie_name",
          "number_of_tickets",
          "show_date",
          "location",
          "show_time",
          "show_type"
        ],
        "optional_slots": {},
        "result_slots": [
          "price",
          "number_of_tickets",
          "show_type",
          "theater_name",
          "show_time",
          "show_date",
          "genre",
          "street_address",
          "location",
          "movie_name"
        ]
      },
      {
        "name": "FindMovies",
        "description": "Search for movies by location, genre or other attributes",
        "is_transactional": false,
        "required_slots": [
          "location"
        ],
        "optional_slots": {
          "genre": "dontcare",
          "show_type": "dontcare",
          "theater_name": "dontcare"
        },
        "result_slots": [
          "price",
          "show_type",
          "theater_name",
          "genre",
          "street_address",
          "location",
          "movie_name"
        ]
      },
      {
        "name": "GetTimesForMovie",
        "description": "Get show times for a movie at a location on a given date",
        "is_transactional": false,
        "required_slots": [
          "movie_name",
          "location",
          "show_date"
        ],
        "optional_slots": {
          "show_type": "dontcare",
          "theater_name": "dontcare"
        },
        "result_slots": [
          "price",
          "show_type",
          "theater_name",
          "show_time",
          "show_date",
          "genre",
          "street_address",
          "location",
          "movie_name"
        ]
      }
    ]
  },
  {
    "service_name": "Music_1",
    "description": "A popular provider of a wide range of music content for searching and listening",
    "slots": [
      {
        "name": "song_name",
        "description": "Name of the song",
        "is_categorical": false,
        "possible_values": []
      },
      {
        "name": "artist",
        "description": "Artist who performed the song",
        "is_categorical": false,
        "possible_values": []
      },
      {
        "name": "album",
        "description": "Album the song belongs to",
        "is_categorical": false,
        "possible_values": []
      },
      {
        "name": "genre",
        "description": "Genre of the song",
        "is_categorical": false,
        "possible_values": []
      },
      {
        "name": "year",
        "description": "Year in which the song was released",
        "is_categorical": true,
        "possible_values": [
          "2010",
          "2011",
          "2012",
          "2013",
          "2014",
          "2015",
          "2016",
          "2017",
          "2018",
          "2019"
        ]
      },
      {
        "name": "playback_device",
        "description": "Playback device on which the song is to be played",
        "is_categorical": true,
        "possible_values": [
          "TV",
          "Kitchen speaker",
          "Bedroom speaker"
        ]
      }
    ],
    "intents": [
      {
        "name": "LookupSong",
        "description": "Search for a song",
        "is_transactional": false,
        "required_slots": [],
        "optional_slots": {
          "genre": "dontcare",
          "artist": "dontcare",
          "album": "dontcare",
          "year": "dontcare"
        },
        "result_slots": [
          "song_name",
          "artist",
          "album",
          "genre",
          "year"
        ]
      },
      {
        "name": "PlaySong",
        "description": "Play the selected song on the device",
        "is_transactional": true,
        "required_slots": [
          "song_name"
        ],
        "optional_slots": {
          "artist": "dontcare",
          "playback_device": "TV"
        },
        "result_slots": [
          "song_name",
          "artist",
          "album",
          "genre",
          "year",
          "playback_device"
        ]
      }
    ]
  },
  {
    "service_name": "Music_2",
    "description": "A widely used service for finding and playing music from a variety of genres and artists",
    "slots": [
      {
        "name": "song_name",
        "description": "Name of the song",
        "is_categorical": false,
        "possible_values": []
      },
      {
        "name": "artist",
        "description": "Name of the artist the song is performed by",
        "is_categorical": false,
        "possible_values": []
      },
      {
        "name": "album",
        "description": "Album the song belongs to",
        "is_categorical": false,
        "possible_values": []
      },
      {
        "name": "genre",
        "description": "Genre of the song",
        "is_categorical": false,
        "possible_values": []
      },
      {
        "name": "playback_device",
        "description": "Playback device on which the song is to be played",
        "is_categorical": true,
        "possible_values": [
          "TV",
          "kitchen speaker",
          "bedroom speaker"
        ]
      }
    ],
    "intents": [
      {
        "name": "LookupMusic",
        "description": "Search for a song based on the name and optionally other attributes",
        "is_transactional": false,
        "required_slots": [],
        "optional_slots": {
          "genre": "dontcare",
          "artist": "dontcare",
          "album": "dontcare"
        },
        "result_slots": [
          "song_name",
          "artist",
          "album",
          "genre"
        ]
      },
      {
        "name": "PlayMedia",
        "description": "Play a song by its name and optionally artist",
        "is_transactional": true,
        "required_slots": [
          "song_name"
        ],
        "optional_slots": {
          "artist": "dontcare",
          "playback_device": "TV"
        },
        "result_slots": [
          "song_name",
          "artist",
          "album",
          "genre",
          "playback_device"
        ]
      }
    ]
  },
  {
    "service_name": "RentalCars_1",
    "description": "Car rental service with extensive coverage of locations and cars",
    "slots": [
      {
        "name": "type",
        "description": "Category to which rental car belongs",
        "is_categorical": true,
        "possible_values": [
          "Compact",
          "Standard",
          "Full-size"
        ]
      },
      {
        "name": "car_name",
        "description": "Model name of rental car",
        "is_categorical": false,
        "possible_values": []
      },
      {
        "name": "pickup_location",
        "description": "Location of rental car pickup",
        "is_categorical": false,
        "possible_values": []
      },
      {
        "name": "pickup_date",
        "description": "Date of rental car pickup",
        "is_categorical": false,
        "possible_values": []
      },
      {
        "name": "pickup_time",
        "description": "Time of rental car pickup",
        "is_categorical": false,
        "possible_values": []
      },
      {
        "name": "pickup_city",
        "description": "City to pick up the rental car",
        "is_categorical": false,
        "possible_values": []
      },
      {
        "name": "dropoff_date",
        "description": "Date of rental car drop-off",
        "is_categorical": false,
        "possible_values": []
      },
      {
        "name": "total_price",
        "description": "Total price of car rental",
        "is_categorical": false,
        "possible_values": []
      }
    ],
    "intents": [
      {
        "name": "GetCarsAvailable",
        "description": "Search for available rental cars by city and date",
        "is_transactional": false,
        "required_slots": [
          "pickup_city",
          "pickup_date",
          "pickup_time",
          "dropoff_date"
        ],
        "optional_slots": {
          "type": "Standard"
        },
        "result_slots": [
          "type",
          "car_name",
          "pickup_location",
          "pickup_date",
          "pickup_time",
          "pickup_city",
          "dropoff_date",
          "total_price"
        ]
      },
      {
        "name": "ReserveCar",
        "description": "Reserve car rental for given dates and location",
        "is_transactional": true,
        "required_slots": [
          "pickup_location",
          "pickup_date",
          "pickup_time",
          "dropoff_date",
          "type"
        ],
        "optional_slots": {},
        "result_slots": [
          "type",
          "car_name",
          "pickup_location",
          "pickup_date",
          "pickup_time",
          "dropoff_date",
          "total_price"
        ]
      }
    ]
  },
  {
    "service_name": "RentalCars_2",
    "description": "Car rental service, available worldwide",
    "slots": [
      {
        "name": "car_type",
        "description": "Type of car for rental",
        "is_categorical": true,
        "possible_values": [
          "Compact",
          "Standard",
          "Full-size"
        ]
      },
      {
        "name": "car_name",
        "description": "Name of car model",
        "is_categorical": false,
        "possible_values": []
      },
      {
        "name": "pickup_location",
        "description": "Pickup location for car rental",
        "is_categorical": false,
        "possible_values": []
      },
      {
        "name": "pickup_date",
        "description": "Date of pickup for car rental",
        "is_categorical": false,
        "possible_values": []
      },
      {
        "name": "pickup_time",
        "description": "Time of pickup for car rental",
        "is_categorical": false,
        "possible_values": []
      },
      {
        "name": "pickup_city",
        "description": "City in which to pick up rental car",
        "is_categorical": false,
        "possible_values": []
      },
      {
        "name": "dropoff_date",
        "description": "End date of car rental reservation",
        "is_categorical": false,
        "possible_values": []
      },
      {
        "name": "total_price",
        "description": "Total price of rental reservation",
        "is_categorical": false,
        "possible_values": []
      }
    ],
    "intents": [
      {
        "name": "GetCarsAvailable",
        "description": "See available cars for rental in a particular city and a date",
        "is_transactional": false,
        "required_slots": [
          "pickup_city",
          "pickup_date",
          "pickup_time",
          "dropoff_date"
        ],
        "optional_slots": {
          "car_type": "Standard"
        },
        "result_slots": [
          "car_type",
          "car_name",
          "pickup_location",
          "pickup_date",
          "pickup_time",
          "pickup_city",
          "dropoff_date",
          "total_price"
        ]
      },
      {
        "name": "ReserveCar",
        "description": "Reserve a rental car for specified pickup location and dates",
        "is_transactional": true,
        "required_slots": [
          "pickup_location",
          "pickup_date",
          "pickup_time",
          "dropoff_date",
          "car_type"
        ],
        "optional_slots": {},
        "result_slots": [
          "car_type",
          "car_name",
          "pickup_location",
          "pickup_date",
          "pickup_time",
          "dropoff_date",
          "total_price"
        ]
      }
    ]
  },
  {
    "service_name": "Restaurants_1",
    "description": "A leading provider for restaurant search and reservations",
    "slots": [
      {
        "name": "restaurant_name",
        "description": "Name of the restaurant",
        "is_categorical": false,
        "possible_values": []
      },
      {
        "name": "date",
        "description": "Date for the reservation or to find availability",
        "is_categorical": false,
        "possible_values": []
      },
      {
        "name": "time",
        "description": "Time for the reservation or to find availability",
        "is_categorical": false,
        "possible_values": []
      },
      {
        "name": "serves_alcohol",
        "description": "Boolean flag indicating if the restaurant serves alcohol",
        "is_categorical": true,
        "possible_values": [
          "True",
          "False"
        ]
      },
      {
        "name": "has_live_music",
        "description": "Boolean flag indicating if the restaurant has live music",
        "is_categorical": true,
        "possible_values": [
          "True",
          "False"
        ]
      },
      {
        "name": "phone_number",
        "description": "Phone number of the restaurant",
        "is_categorical": false,
        "possible_values": []
      },
      {
        "name": "street_address",
        "description": "Address of the restaurant",
        "is_categorical": false,
        "possible_values": []
      },
      {
        "name": "party_size",
        "description": "Party size for a reservation",
        "is_categorical": true,
        "possible_values": [
          "1",
          "2",
          "3",
          "4",
          "5",
          "6"
        ]
      },
      {
        "name": "price_range",
        "description": "Price range for the restaurant",
        "is_categorical": true,
        "possible_values": [
          "inexpensive",
          "moderate",
          "expensive",
          "very expensive"
        ]
      },
      {
        "name": "city",
        "description": "City in which the restaurant is located",
        "is_categorical": false,
        "possible_values": []
      },
      {
        "name": "cuisine",
        "description": "Cuisine of food served in the restaurant",
        "is_categorical": false,
        "possible_values": [
          "Mexican",
          "Chinese",
          "Indian",
          "American",
          "Italian"
        ]
      }
    ],
    "intents": [
      {
        "name": "ReserveRestaurant",
        "description": "Reserve a table at a restaurant",
        "is_transactional": true,
        "required_slots": [
          "restaurant_name",
          "city",
          "time"
        ],
        "optional_slots": {
          "date": "2019-03-01",
          "party_size": "2"
        },
        "result_slots": [
          "restaurant_name",
          "date",
          "time",
          "serves_alcohol",
          "has_live_music",
          "phone_number",
          "street_address",
          "party_size",
          "price_range",
          "city",
          "cuisine"
        ]
      },
      {
        "name": "FindRestaurants",
        "description": "Find a restaurant of a particular cuisine in a city",
        "is_transactional": false,
        "required_slots": [
          "cuisine",
          "city"
        ],
        "optional_slots": {
          "price_range": "dontcare",
          "has_live_music": "dontcare",
          "serves_alcohol": "dontcare"
        },
        "result_slots": [
          "restaurant_name",
          "serves_alcohol",
          "has_live_music",
          "phone_number",
          "street_address",
          "price_range",
          "city",
          "cuisine"
        ]
      }
    ]
  },
  {
    "service_name": "RideSharing_1",
    "description": "On-demand taxi calling service",
    "slots": [
      {
        "name": "destination",
        "description": "Destination for taxi ride",
        "is_categorical": false,
        "possible_values": []
      },
      {
        "name": "shared_ride",
        "description": "Boolean flag whether ride is shared with other passengers",
        "is_categorical": true,
        "possible_values": [
          "True",
          "False"
        ]
      },
      {
        "name": "ride_fare",
        "description": "Total fare for taxi ride",
        "is_categorical": false,
        "possible_values": []
      },
      {
        "name": "approximate_ride_duration",
        "description": "Approximate duration of ride to the destination",
        "is_categorical": false,
        "possible_values": []
      },
      {
        "name": "number_of_riders",
        "description": "Number of riders to call taxi for",
        "is_categorical": true,
        "possible_values": [
          "1",
          "2",
          "3",
          "4"
        ]
      }
    ],
    "intents": [
      {
        "name": "GetRide",
        "description": "Call a taxi to head to a given destination",
        "is_transactional": true,
        "required_slots": [
          "destination",
          "number_of_riders",
          "shared_ride"
        ],
        "optional_slots": {},
        "result_slots": [
          "destination",
          "shared_ride",
          "ride_fare",
          "approximate_ride_duration",
          "number_of_riders"
        ]
      }
    ]
  },
  {
    "service_name": "RideSharing_2",
    "description": "App to book a cab to any destination",
    "slots": [
      {
        "name": "destination",
        "description": "Destination address or location for cab",
        "is_categorical": false,
        "possible_values": []
      },
      {
        "name": "ride_type",
        "description": "Type of cab ride",
        "is_categorical": true,
        "possible_values": [
          "Pool",
          "Regular",
          "Luxury"
        ]
      },
      {
        "name": "ride_fare",
        "description": "Total fare for cab ride",
        "is_categorical": false,
        "possible_values": []
      },
      {
        "name": "wait_time",
        "description": "Expected waiting time for pick-up by cab",
        "is_categorical": false,
        "possible_values": []
      },
      {
        "name": "number_of_seats",
        "description": "Number of seats to reserve in the cab",
        "is_categorical": true,
        "possible_values": [
          "1",
          "2",
          "3",
          "4"
        ]
      }
    ],
    "intents": [
      {
        "name": "GetRide",
        "description": "Book a cab for any destination, number of seats and ride type",
        "is_transactional": true,
        "required_slots": [
          "destination",
          "number_of_seats",
          "ride_type"
        ],
        "optional_slots": {},
        "result_slots": [
          "destination",
          "ride_type",
          "ride_fare",
          "wait_time",
          "number_of_seats"
        ]
      }
    ]
  },
  {
    "service_name": "Services_1",
    "description": "A widely used service for finding and reserving the hair stylist of your choice",
    "slots": [
      {
        "name": "stylist_name",
        "description": "Name of the hair stylist/salon",
        "is_categorical": false,
        "possible_values": []
      },
      {
        "name": "phone_number",
        "description": "Phone number of the stylist/salon",
        "is_categorical": false,
        "possible_values": []
      },
      {
        "name": "average_rating",
        "description": "Average review rating for the stylist/salon",
        "is_categorical": false,
        "possible_values": []
      },
      {
        "name": "is_unisex",
        "description": "Boolean flag indicating if the salon is unisex",
        "is_categorical": true,
        "possible_values": [
          "True",
          "False"
        ]
      },
      {
        "name": "street_address",
        "description": "Address of the stylist/salon",
        "is_categorical": false,
        "possible_values": []
      },
      {
        "name": "city",
        "description": "City where the salon is located",
        "is_categorical": false,
        "possible_values": []
      },
      {
        "name": "appointment_date",
        "description": "Date for the appointment",
        "is_categorical": false,
        "possible_values": []
      },
      {
        "name": "appointment_time",
        "description": "Time of the appointment",
        "is_categorical": false,
        "possible_values": []
      }
    ],
    "intents": [
      {
        "name": "BookAppointment",
        "description": "Book an appointment at a hair stylist",
        "is_transactional": true,
        "required_slots": [
          "stylist_name",
          "appointment_time",
          "appointment_date"
        ],
        "optional_slots": {},
        "result_slots": [
          "stylist_name",
          "phone_number",
          "average_rating",
          "is_unisex",
          "street_address",
          "appointment_date",
          "appointment_time"
        ]
      },
      {
        "name": "FindProvider",
        "description": "Search for a hair stylist by city and optionally other attributes",
        "is_transactional": false,
        "required_slots": [
          "city"
        ],
        "optional_slots": {
          "is_unisex": "dontcare"
        },
        "result_slots": [
          "stylist_name",
          "phone_number",
          "average_rating",
          "is_unisex",
          "street_address",
          "city"
        ]
      }
    ]
  },
  {
    "service_name": "Services_2",
    "description": "The go-to service for finding and booking appointments with top rated dentists",
    "slots": [
      {
        "name": "dentist_name",
        "description": "Name of the dentist",
        "is_categorical": false,
        "possible_values": []
      },
      {
        "name": "phone_number",
        "description": "Phone number of the dentist",
        "is_categorical": false,
        "possible_values": []
      },
      {
        "name": "address",
        "description": "Address of the dentist",
        "is_categorical": false,
        "possible_values": []
      },
      {
        "name": "city",
        "description": "City where the dentist is located",
        "is_categorical": false,
        "possible_values": []
      },
      {
        "name": "appointment_date",
        "description": "Date for the appointment",
        "is_categorical": false,
        "possible_values": []
      },
      {
        "name": "appointment_time",
        "description": "Time for the appointment",
        "is_categorical": false,
        "possible_values": []
      },
      {
        "name": "offers_cosmetic_services",
        "description": "Boolean flag indicating if the dentist offers cosmetic services",
        "is_categorical": true,
        "possible_values": [
          "True",
          "False"
        ]
      }
    ],
    "intents": [
      {
        "name": "BookAppointment",
        "description": "Book an appointment at a dentist for a given time and date",
        "is_transactional": true,
        "required_slots": [
          "dentist_name",
          "appointment_time",
          "appointment_date"
        ],
        "optional_slots": {},
        "result_slots": [
          "dentist_name",
          "phone_number",
          "address",
          "appointment_date",
          "appointment_time",
          "offers_cosmetic_services"
        ]
      },
      {
        "name": "FindProvider",
        "description": "Find a dentist by location and optionally by services offered",
        "is_transactional": false,
        "required_slots": [
          "city"
        ],
        "optional_slots": {
          "offers_cosmetic_services": "dontcare"
        },
        "result_slots": [
          "dentist_name",
          "phone_number",
          "address",
          "city",
          "offers_cosmetic_services"
        ]
      }
    ]
  },
  {
    "service_name": "Services_3",
    "description": "A popular provider for finding the right doctor for your needs. Also allows you to schedule your visit to the doctor",
    "slots": [
      {
        "name": "doctor_name",
        "description": "Name of the doctor or the medical practice",
        "is_categorical": false,
        "possible_values": []
      },
      {
        "name": "phone_number",
        "description": "Contact number for the doctor or the medical practice",
        "is_categorical": false,
        "possible_values": []
      },
      {
        "name": "average_rating",
        "description": "Average review rating of the doctor",
        "is_categorical": false,
        "possible_values": []
      },
      {
        "name": "street_address",
        "description": "Address of the doctor",
        "is_categorical": false,
        "possible_values": []
      },
      {
        "name": "city",
        "description": "City where the doctor is located",
        "is_categorical": false,
        "possible_values": []
      },
      {
        "name": "appointment_date",
        "description": "Date for scheduling the appointment with the doctor",
        "is_categorical": false,
        "possible_values": []
      },
      {
        "name": "appointment_time",
        "description": "Time for the appointment with the doctor",
        "is_categorical": false,
        "possible_values": []
      },
      {
        "name": "type",
        "description": "Speciality of the doctor",
        "is_categorical": true,
        "possible_values": [
          "Gynecologist",
          "ENT Specialist",
          "Ophthalmologist",
          "General Practitioner",
          "Dermatologist"
        ]
      }
    ],
    "intents": [
      {
        "name": "BookAppointment",
        "description": "Book an appointment with a specific doctor for the given date and time",
        "is_transactional": true,
        "required_slots": [
          "doctor_name",
          "appointment_time",
          "appointment_date"
        ],
        "optional_slots": {},
        "result_slots": [
          "doctor_name",
          "phone_number",
          "average_rating",
          "street_address",
          "appointment_date",
          "appointment_time",
          "type"
        ]
      },
      {
        "name": "FindProvider",
        "description": "Find a medical service provider based on their location and speciality",
        "is_transactional": false,
        "required_slots": [
          "city",
          "type"
        ],
        "optional_slots": {},
        "result_slots": [
          "doctor_name",
          "phone_number",
          "average_rating",
          "street_address",
          "city",
          "type"
        ]
      }
    ]
  },
  {
    "service_name": "Travel_1",
    "description": "The biggest database of tourist attractions and points of interest",
    "slots": [
      {
        "name": "location",
        "description": "City or town where the attraction is located",
        "is_categorical": false,
        "possible_values": []
      },
      {
        "name": "attraction_name",
        "description": "Common name of the attraction",
        "is_categorical": false,
        "possible_values": []
      },
      {
        "name": "category",
        "description": "Category to which the attraction belongs",
        "is_categorical": true,
        "possible_values": [
          "Place of Worship",
          "Theme Park",
          "Museum",
          "Historical Landmark",
          "Park",
          "Tourist Attraction",
          "Sports Venue",
          "Shopping Area",
          "Performing Arts Venue",
          "Nature Preserve"
        ]
      },
      {
        "name": "phone_number",
        "description": "Phone number to contact the attraction",
        "is_categorical": false,
        "possible_values": []
      },
      {
        "name": "free_entry",
        "description": "Boolean flag indicating whether entrance to attraction is free",
        "is_categorical": true,
        "possible_values": [
          "True",
          "False"
        ]
      },
      {
        "name": "good_for_kids",
        "description": "Boolean flag indicating whether attraction is good for to take kids to",
        "is_categorical": true,
        "possible_values": [
          "True",
          "False"
        ]
      }
    ],
    "intents": [
      {
        "name": "FindAttractions",
        "description": "Browse attractions in a given city",
        "is_transactional": false,
        "required_slots": [
          "location"
        ],
        "optional_slots": {
          "category": "dontcare",
          "free_entry": "dontcare",
          "good_for_kids": "dontcare"
        },
        "result_slots": [
          "location",
          "attraction_name",
          "category",
          "phone_number",
          "free_entry",
          "good_for_kids"
        ]
      }
    ]
  },
  {
    "service_name": "Weather_1",
    "description": "Check the weather for any place and any date",
    "slots": [
      {
        "name": "precipitation",
        "description": "The possibility of rain or snow in percentage",
        "is_categorical": false,
        "possible_values": []
      },
      {
        "name": "humidity",
        "description": "Percentage humidity",
        "is_categorical": false,
        "possible_values": []
      },
      {
        "name": "wind",
        "description": "Wind speed in miles per hour",
        "is_categorical": false,
        "possible_values": []
      },
      {
        "name": "temperature",
        "description": "Temperature in Fahrenheit",
        "is_categorical": false,
        "possible_values": []
      },
      {
        "name": "city",
        "description": "Name of the city",
        "is_categorical": false,
        "possible_values": []
      },
      {
        "name": "date",
        "description": "Date for the weather",
        "is_categorical": false,
        "possible_values": []
      }
    ],
    "intents": [
      {
        "name": "GetWeather",
        "description": "Get the weather of a certain location on a date",
        "is_transactional": false,
        "required_slots": [
          "city"
        ],
        "optional_slots": {
          "date": "2019-03-01"
        },
        "result_slots": [
          "precipitation",
          "humidity",
          "wind",
          "temperature",
          "city",
          "date"
        ]
      }
    ]
  }
]
