[
  {
    "account_balance": "3814.44",
    "account_type": "checking"
  },
  {
    "account_balance": "5984.42",
    "account_type": "savings"
  },
  {
    "account_type": "savings",
    "recipient_account_type": "savings",
    "recipient_name": "Diego",
    "transfer_amount": "1210",
    "transfer_time": "3"
  },
  {
    "account_balance": "19663.10",
    "account_type": "checking"
  },
  {
    "account_type": "checking",
    "recipient_account_type": "checking",
    "recipient_name": "Yumi",
    "transfer_amount": "1400",
    "transfer_time": "1"
  },
  {
    "account_balance": "17883.87",
    "account_type": "savings"
  },
  {
    "account_type": "savings",
    "recipient_account_type": "checking",
    "recipient_name": "Justin",
    "transfer_amount": "1470",
    "transfer_time": "3"
  },
  {
    "account_balance": "8181.52",
    "account_type": "checking"
  },
  {
    "account_balance": "5849.47",
    "account_type": "savings"
  },
  {
    "account_type": "savings",
    "recipient_account_type": "checking",
    "recipient_name": "Li",
    "transfer_amount": "780",
    "transfer_time": "3"
  },
  {
    "account_balance": "6089.81",
    "account_type": "savings"
  },
  {
    "account_balance": "22309.73",
    "account_type": "checking"
  },
  {
    "account_type": "checking",
    "recipient_account_type": "dontcare",
    "recipient_name": "Mom",
    "transfer_amount": "1330",
    "transfer_time": "3"
  },
  {
    "account_balance": "5348.16",
    "account_type": "checking"
  },
  {
    "account_balance": "5502.90",
    "account_type": "savings"
  },
  {
    "account_type": "savings",
    "recipient_account_type": "dontcare",
    "recipient_name": "Justin",
    "transfer_amount": "1220",
    "transfer_time": "3"
  },
  {
    "account_balance": "5768.70",
    "account_type": "savings"
  },
  {
    "account_balance": "2452.32",
    "account_type": "checking"
  },
  {
    "account_type": "checking",
    "recipient_account_type": "checking",
    "recipient_name": "Diego",
    "transfer_amount": "170",
    "transfer_time": "1"
  },
  {
    "account_balance": "20931.69",
    "account_type": "checking"
  },
  {
    "account_balance": "15627.82",
    "account_type": "savings"
  },
  {
    "account_type": "savings",
    "recipient_account_type": "checking",
    "recipient_name": "Mom",
    "transfer_amount": "180",
    "transfer_time": "3"
  },
  {
    "account_balance": "12723.10",
    "account_type": "checking"
  },
  {
    "account_balance": "9183.90",
    "account_type": "savings"
  },
  {
    "account_type": "savings",
    "recipient_account_type": "checking",
    "recipient_name": "Khadija",
    "transfer_amount": "1110",
    "transfer_time": "3"
  },
  {
    "account_balance": "13314.25",
    "account_type": "checking"
  },
  {
    "account_balance": "9434.73",
    "account_type": "savings"
  },
  {
    "account_type": "savings",
    "recipient_account_type": "checking",
    "recipient_name": "Kagiso",
    "transfer_amount": "400",
    "transfer_time": "3"
  },
  {
    "account_balance": "14570.75",
    "account_type": "savings"
  },
  {
    "account_balance": "7834.86",
    "account_type": "checking"
  },
  {
    "account_type": "checking",
    "recipient_account_type": "checking",
    "recipient_name": "Mahmoud",
    "transfer_amount": "1130",
    "transfer_time": "1"
  },
  {
    "account_balance": "5370.53",
    "account_type": "checking"
  },
  {
    "account_type": "checking",
    "recipient_account_type": "checking",
    "recipient_name": "Svetlana",
    "transfer_amount": "270",
    "transfer_time": "1"
  },
  {
    "account_balance": "23260.13",
    "account_type": "savings"
  },
  {
    "account_type": "savings",
    "recipient_account_type": "checking",
    "recipient_name": "Philip",
    "transfer_amount": "1250",
    "transfer_time": "3"
  },
  {
    "account_balance": "22448.26",
    "account_type": "checking"
  },
  {
    "account_type": "checking",
    "recipient_account_type": "checking",
    "recipient_name": "Diego",
    "transfer_amount": "1330",
    "transfer_time": "1"
  },
  {
    "account_balance": "9520.80",
    "account_type": "savings"
  },
  {
    "account_type": "savings",
    "recipient_account_type": "dontcare",
    "recipient_name": "Jasbir",
    "transfer_amount": "1290",
    "transfer_time": "3"
  },
  {
    "account_balance": "18051.39",
    "account_type": "checking"
  },
  {
    "account_type": "checking",
    "recipient_account_type": "checking",
    "recipient_name": "Grace",
    "transfer_amount": "1060",
    "transfer_time": "1"
  },
  {
    "account_balance": "24934.51",
    "account_type": "checking"
  },
  {
    "account_type": "checking",
    "recipient_account_type": "savings",
    "recipient_name": "Khadija",
    "transfer_amount": "1440",
    "transfer_time": "3"
  },
  {
    "account_balance": "22496.82",
    "account_type": "savings"
  },
  {
    "account_type": "savings",
    "recipient_account_type": "checking",
    "recipient_name": "Khadija",
    "transfer_amount": "1800",
    "transfer_time": "3"
  },
  {
    "account_balance": "11466.82",
    "account_type": "checking"
  },
  {
    "account_balance": "16754.52",
    "account_type": "savings"
  },
  {
    "account_type": "savings",
    "recipient_account_type": "checking",
    "recipient_name": "Jasbir",
    "transfer_amount": "1670",
    "transfer_time": "3"
  },
  {
    "account_balance": "19144.42",
    "account_type": "savings"
  },
  {
    "account_balance": "10755.44",
    "account_type": "checking"
  },
  {
    "account_type": "checking",
    "recipient_account_type": "savings",
    "recipient_name": "Justin",
    "transfer_amount": "1290",
    "transfer_time": "3"
  },
  {
    "account_balance": "8238.58",
    "account_type": "checking"
  },
  {
    "account_balance": "9616.40",
    "account_type": "savings"
  },
  {
    "account_type": "savings",
    "recipient_account_type": "checking",
    "recipient_name": "Philip",
    "transfer_amount": "1640",
    "transfer_time": "3"
  },
  {
    "account_balance": "5612.58",
    "account_type": "savings"
  },
  {
    "account_balance": "20894.39",
    "account_type": "checking"
  },
  {
    "account_type": "checking",
    "recipient_account_type": "checking",
    "recipient_name": "Mahmoud",
    "transfer_amount": "1430",
    "transfer_time": "1"
  },
  {
    "account_balance": "23509.52",
    "account_type": "checking"
  },
  {
    "account_balance": "18456.66",
    "account_type": "savings"
  },
  {
    "account_type": "savings",
    "recipient_account_type": "checking",
    "recipient_name": "Svetlana",
    "transfer_amount": "1540",
    "transfer_time": "3"
  },
  {
    "account_balance": "7686.21",
    "account_type": "savings"
  },
  {
    "account_balance": "24978.75",
    "account_type": "checking"
  },
  {
    "account_type": "checking",
    "recipient_account_type": "dontcare",
    "recipient_name": "Mahmoud",
    "transfer_amount": "720",
    "transfer_time": "3"
  },
  {
    "account_balance": "21801.28",
    "account_type": "savings"
  },
  {
    "account_balance": "14298.13",
    "account_type": "checking"
  },
  {
    "account_type": "checking",
    "recipient_account_type": "checking",
    "recipient_name": "Yumi",
    "transfer_amount": "1470",
    "transfer_time": "1"
  },
  {
    "account_balance": "17349.49",
    "account_type": "checking"
  },
  {
    "account_balance": "9379.56",
    "account_type": "savings"
  },
  {
    "account_type": "savings",
    "recipient_account_type": "checking",
    "recipient_name": "Jasbir",
    "transfer_amount": "100",
    "transfer_time": "3"
  },
  {
    "account_balance": "2873.18",
    "account_type": "savings"
  },
  {
    "account_type": "savings",
    "recipient_account_type": "checking",
    "recipient_name": "Li",
    "transfer_amount": "380",
    "transfer_time": "3"
  },
  {
    "account_balance": "18299.57",
    "account_type": "savings"
  },
  {
    "account_type": "savings",
    "recipient_account_type": "checking",
    "recipient_name": "Diego",
    "transfer_amount": "780",
    "transfer_time": "3"
  },
  {
    "account_balance": "9485.10",
    "account_type": "checking"
  },
  {
    "account_balance": "3368.48",
    "account_type": "savings"
  },
  {
    "account_type": "savings",
    "recipient_account_type": "checking",
    "recipient_name": "Philip",
    "transfer_amount": "1580",
    "transfer_time": "3"
  },
  {
    "account_balance": "21432.70",
    "account_type": "savings"
  },
  {
    "account_balance": "16589.75",
    "account_type": "checking"
  },
  {
    "account_type": "checking",
    "recipient_account_type": "savings",
    "recipient_name": "Li",
    "transfer_amount": "600",
    "transfer_time": "3"
  },
  {
    "account_balance": "24590.55",
    "account_type": "checking"
  },
  {
    "account_balance": "24838.31",
    "account_type": "savings"
  },
  {
    "account_type": "savings",
    "recipient_account_type": "checking",
    "recipient_name": "Grace",
    "transfer_amount": "500",
    "transfer_time": "3"
  },
  {
    "account_balance": "5567.84",
    "account_type": "savings"
  },
  {
    "account_type": "savings",
    "recipient_account_type": "checking",
    "recipient_name": "Justin",
    "transfer_amount": "1030",
    "transfer_time": "3"
  },
  {
    "account_balance": "11130.35",
    "account_type": "checking"
  },
  {
    "account_type": "checking",
    "recipient_account_type": "checking",
    "recipient_name": "Grace",
    "transfer_amount": "1360",
    "transfer_time": "1"
  },
  {
    "account_balance": "24819.36",
    "account_type": "checking"
  },
  {
    "account_type": "checking",
    "recipient_account_type": "savings",
    "recipient_name": "Yumi",
    "transfer_amount": "1200",
    "transfer_time": "3"
  },
  {
    "account_balance": "12886.54",
    "account_type": "checking"
  },
  {
    "account_balance": "3232.84",
    "account_type": "savings"
  },
  {
    "account_type": "savings",
    "recipient_account_type": "savings",
    "recipient_name": "Diego",
    "transfer_amount": "1630",
    "transfer_time": "3"
  },
  {
    "account_balance": "19703.30",
    "account_type": "savings"
  },
  {
    "account_balance": "4165.22",
    "account_type": "checking"
  },
  {
    "account_type": "checking",
    "recipient_account_type": "checking",
    "recipient_name": "Grace",
    "transfer_amount": "710",
    "transfer_time": "1"
  },
  {
    "account_balance": "843.14",
    "account_type": "checking"
  },
  {
    "account_balance": "17106.16",
    "account_type": "savings"
  },
  {
    "account_type": "savings",
    "recipient_account_type": "savings",
    "recipient_name": "Jasbir",
    "transfer_amount": "1170",
    "transfer_time": "3"
  },
  {
    "account_balance": "11570.74",
    "account_type": "checking"
  },
  {
    "account_balance": "19945.43",
    "account_type": "savings"
  },
  {
    "account_type": "savings",
    "recipient_account_type": "checking",
    "recipient_name": "Justin",
    "transfer_amount": "50",
    "transfer_time": "3"
  },
  {
    "account_balance": "23352.71",
    "account_type": "checking"
  },
  {
    "account_balance": "7976.46",
    "account_type": "savings"
  },
  {
    "account_type": "savings",
    "recipient_account_type": "checking",
    "recipient_name": "Mom",
    "transfer_amount": "1790",
    "transfer_time": "3"
  },
  {
    "account_balance": "3520.45",
    "account_type": "savings"
  },
  {
    "account_balance": "19865.14",
    "account_type": "checking"
  },
  {
    "account_type": "checking",
    "recipient_account_type": "checking",
    "recipient_name": "Grace",
    "transfer_amount": "1150",
    "transfer_time": "1"
  },
  {
    "account_balance": "23389.17",
    "account_type": "checking"
  },
  {
    "account_balance": "10764.11",
    "account_type": "savings"
  },
  {
    "account_type": "savings",
    "recipient_account_type": "checking",
    "recipient_name": "Philip",
    "transfer_amount": "730",
    "transfer_time": "3"
  },
  {
    "account_balance": "23362.72",
    "account_type": "checking"
  },
  {
    "account_type": "checking",
    "recipient_account_type": "checking",
    "recipient_name": "Philip",
    "transfer_amount": "550",
    "transfer_time": "1"
  },
  {
    "account_balance": "12254.49",
    "account_type": "checking"
  },
  {
    "account_balance": "22869.21",
    "account_type": "checking"
  },
  {
    "account_balance": "13706.89",
    "account_type": "checking"
  },
  {
    "account_balance": "14897.23",
    "account_type": "savings"
  },
  {
    "account_balance": "11110.69",
    "account_type": "savings"
  },
  {
    "account_balance": "12808.32",
    "account_type": "savings"
  },
  {
    "account_balance": "3207.22",
    "account_type": "checking"
  },
  {
    "account_balance": "9286.56",
    "account_type": "checking"
  },
  {
    "account_balance": "19587.50",
    "account_type": "checking"
  },
  {
    "account_balance": "14222.76",
    "account_type": "savings"
  },
  {
    "account_balance": "14257.75",
    "account_type": "savings"
  },
  {
    "account_balance": "20899.12",
    "account_type": "checking"
  },
  {
    "account_balance": "13250.25",
    "account_type": "savings"
  },
  {
    "account_balance": "15280.44",
    "account_type": "checking"
  },
  {
    "account_balance": "17785.35",
    "account_type": "savings"
  },
  {
    "account_balance": "2737.53",
    "account_type": "checking"
  },
  {
    "account_balance": "13989.88",
    "account_type": "checking"
  },
  {
    "account_balance": "9217.14",
    "account_type": "savings"
  },
  {
    "account_balance": "18124.73",
    "account_type": "savings"
  },
  {
    "account_balance": "1442.16",
    "account_type": "savings"
  },
  {
    "account_balance": "20591.49",
    "account_type": "checking"
  },
  {
    "account_balance": "23383.84",
    "account_type": "checking"
  },
  {
    "account_balance": "13261.46",
    "account_type": "checking"
  },
  {
    "account_balance": "9613.38",
    "account_type": "savings"
  },
  {
    "account_balance": "16277.70",
    "account_type": "savings"
  },
  {
    "account_balance": "1539.74",
    "account_type": "checking"
  },
  {
    "account_balance": "9377.78",
    "account_type": "savings"
  },
  {
    "account_balance": "2489.31",
    "account_type": "checking"
  },
  {
    "account_balance": "1861.43",
    "account_type": "savings"
  },
  {
    "account_balance": "14778.56",
    "account_type": "savings"
  },
  {
    "account_balance": "19328.19",
    "account_type": "checking"
  },
  {
    "account_balance": "7658.13",
    "account_type": "savings"
  },
  {
    "account_balance": "2971.48",
    "account_type": "checking"
  },
  {
    "account_balance": "4559.65",
    "account_type": "checking"
  },
  {
    "account_balance": "23383.41",
    "account_type": "savings"
  },
  {
    "account_balance": "9307.64",
    "account_type": "savings"
  },
  {
    "account_balance": "20863.73",
    "account_type": "checking"
  },
  {
    "account_balance": "24220.79",
    "account_type": "checking"
  },
  {
    "account_balance": "9812.15",
    "account_type": "checking"
  },
  {
    "account_balance": "17274.43",
    "account_type": "savings"
  },
  {
    "account_balance": "21581.46",
    "account_type": "checking"
  },
  {
    "account_balance": "2601.84",
    "account_type": "savings"
  },
  {
    "account_balance": "14992.71",
    "account_type": "checking"
  },
  {
    "account_balance": "15975.43",
    "account_type": "savings"
  },
  {
    "account_balance": "2377.24",
    "account_type": "savings"
  },
  {
    "account_balance": "12913.46",
    "account_type": "checking"
  },
  {
    "account_balance": "7069.50",
    "account_type": "checking"
  },
  {
    "account_balance": "19643.54",
    "account_type": "savings"
  },
  {
    "account_balance": "9129.22",
    "account_type": "savings"
  },
  {
    "account_balance": "14996.53",
    "account_type": "checking"
  },
  {
    "account_balance": "6255.48",
    "account_type": "checking"
  },
  {
    "account_balance": "17343.13",
    "account_type": "savings"
  },
  {
    "account_balance": "16282.84",
    "account_type": "savings"
  },
  {
    "account_balance": "7181.85",
    "account_type": "savings"
  },
  {
    "account_balance": "20895.77",
    "account_type": "checking"
  },
  {
    "account_balance": "22717.30",
    "account_type": "checking"
  },
  {
    "account_balance": "6829.27",
    "account_type": "savings"
  },
  {
    "account_balance": "17842.78",
    "account_type": "savings"
  },
  {
    "account_balance": "21712.30",
    "account_type": "savings"
  },
  {
    "account_balance": "12795.18",
    "account_type": "checking"
  },
  {
    "account_balance": "21648.31",
    "account_type": "savings"
  },
  {
    "account_balance": "9789.20",
    "account_type": "savings"
  },
  {
    "account_type": "savings",
    "recipient_account_type": "checking",
    "recipient_name": "Jasbir",
    "transfer_amount": "30",
    "transfer_time": "3"
  },
  {
    "account_balance": "4309.67",
    "account_type": "savings"
  },
  {
    "account_type": "savings",
    "recipient_account_type": "checking",
    "recipient_name": "Svetlana",
    "transfer_amount": "1490",
    "transfer_time": "3"
  },
  {
    "account_balance": "13700.75",
    "account_type": "checking"
  },
  {
    "account_type": "checking",
    "recipient_account_type": "checking",
    "recipient_name": "Khadija",
    "transfer_amount": "30",
    "transfer_time": "1"
  },
  {
    "account_balance": "14123.62",
    "account_type": "checking"
  },
  {
    "account_type": "checking",
    "recipient_account_type": "savings",
    "recipient_name": "Grace",
    "transfer_amount": "1310",
    "transfer_time": "3"
  },
  {
    "account_balance": "4402.19",
    "account_type": "savings"
  },
  {
    "account_type": "savings",
    "recipient_account_type": "checking",
    "recipient_name": "Justin",
    "transfer_amount": "360",
    "transfer_time": "3"
  },
  {
    "account_balance": "8639.65",
    "account_type": "savings"
  },
  {
    "account_balance": "22633.39",
    "account_type": "checking"
  },
  {
    "account_type": "checking",
    "recipient_account_type": "savings",
    "recipient_name": "Diego",
    "transfer_amount": "480",
    "transfer_time": "3"
  },
  {
    "account_balance": "11105.58",
    "account_type": "checking"
  },
  {
    "account_type": "checking",
    "recipient_account_type": "checking",
    "recipient_name": "Svetlana",
    "transfer_amount": "590",
    "transfer_time": "1"
  },
  {
    "account_balance": "5151.82",
    "account_type": "savings"
  },
  {
    "account_type": "savings",
    "recipient_account_type": "savings",
    "recipient_name": "Yumi",
    "transfer_amount": "1490",
    "transfer_time": "3"
  },
  {
    "account_balance": "19071.32",
    "account_type": "savings"
  },
  {
    "account_type": "savings",
    "recipient_account_type": "checking",
    "recipient_name": "Dad",
    "transfer_amount": "1140",
    "transfer_time": "3"
  },
  {
    "account_balance": "11829.13",
    "account_type": "savings"
  },
  {
    "account_type": "savings",
    "recipient_account_type": "checking",
    "recipient_name": "uncle Richard",
    "transfer_amount": "1720",
    "transfer_time": "3"
  },
  {
    "account_balance": "13631.46",
    "account_type": "savings"
  },
  {
    "account_type": "savings",
    "recipient_account_type": "checking",
    "recipient_name": "uncle Richard",
    "transfer_amount": "1190",
    "transfer_time": "3"
  },
  {
    "account_balance": "10636.20",
    "account_type": "checking"
  },
  {
    "account_type": "checking",
    "recipient_account_type": "checking",
    "recipient_name": "Mom",
    "transfer_amount": "1390",
    "transfer_time": "1"
  },
  {
    "account_balance": "24267.22",
    "account_type": "savings"
  },
  {
    "account_type": "savings",
    "recipient_account_type": "checking",
    "recipient_name": "aunt Jenny",
    "transfer_amount": "1030",
    "transfer_time": "3"
  },
  {
    "account_balance": "1248.55",
    "account_type": "savings"
  },
  {
    "account_type": "savings",
    "recipient_account_type": "savings",
    "recipient_name": "aunt Jenny",
    "transfer_amount": "150",
    "transfer_time": "3"
  },
  {
    "account_balance": "10682.50",
    "account_type": "checking"
  },
  {
    "account_type": "checking",
    "recipient_account_type": "checking",
    "recipient_name": "Jasbir",
    "transfer_amount": "1280",
    "transfer_time": "1"
  },
  {
    "account_balance": "23328.30",
    "account_type": "savings"
  },
  {
    "account_balance": "2625.44",
    "account_type": "checking"
  },
  {
    "account_type": "checking",
    "recipient_account_type": "checking",
    "recipient_name": "Khadija",
    "transfer_amount": "270",
    "transfer_time": "1"
  },
  {
    "account_balance": "24797.43",
    "account_type": "checking"
  },
  {
    "account_type": "checking",
    "recipient_account_type": "checking",
    "recipient_name": "Philip",
    "transfer_amount": "1600",
    "transfer_time": "1"
  },
  {
    "account_balance": "7177.10",
    "account_type": "checking"
  },
  {
    "account_type": "checking",
    "recipient_account_type": "checking",
    "recipient_name": "uncle Richard",
    "transfer_amount": "610",
    "transfer_time": "1"
  },
  {
    "account_balance": "12545.54",
    "account_type": "savings"
  },
  {
    "account_type": "savings",
    "recipient_account_type": "savings",
    "recipient_name": "aunt Jenny",
    "transfer_amount": "770",
    "transfer_time": "3"
  },
  {
    "account_balance": "13840.68",
    "account_type": "savings"
  },
  {
    "account_type": "savings",
    "recipient_account_type": "checking",
    "recipient_name": "Philip",
    "transfer_amount": "1200",
    "transfer_time": "3"
  },
  {
    "account_balance": "12968.37",
    "account_type": "checking"
  },
  {
    "account_balance": "19656.33",
    "account_type": "savings"
  },
  {
    "account_type": "savings",
    "recipient_account_type": "checking",
    "recipient_name": "Kagiso",
    "transfer_amount": "1560",
    "transfer_time": "3"
  },
  {
    "account_balance": "8071.19",
    "account_type": "checking"
  },
  {
    "account_type": "checking",
    "recipient_account_type": "checking",
    "recipient_name": "Grace",
    "transfer_amount": "1380",
    "transfer_time": "1"
  },
  {
    "account_balance": "9346.64",
    "account_type": "checking"
  },
  {
    "account_type": "checking",
    "recipient_account_type": "checking",
    "recipient_name": "Diego",
    "transfer_amount": "1010",
    "transfer_time": "1"
  },
  {
    "account_balance": "19176.15",
    "account_type": "savings"
  },
  {
    "account_type": "savings",
    "recipient_account_type": "savings",
    "recipient_name": "Justin",
    "transfer_amount": "1600",
    "transfer_time": "3"
  },
  {
    "account_balance": "2292.26",
    "account_type": "checking"
  },
  {
    "account_type": "checking",
    "recipient_account_type": "checking",
    "recipient_name": "Philip",
    "transfer_amount": "150",
    "transfer_time": "1"
  },
  {
    "account_balance": "15095.83",
    "account_type": "savings"
  },
  {
    "account_type": "savings",
    "recipient_account_type": "checking",
    "recipient_name": "Yumi",
    "transfer_amount": "80",
    "transfer_time": "3"
  },
  {
    "account_balance": "561.38",
    "account_type": "checking"
  },
  {
    "account_type": "checking",
    "recipient_account_type": "checking",
    "recipient_name": "Khadija",
    "transfer_amount": "60",
    "transfer_time": "1"
  },
  {
    "account_balance": "18345.42",
    "account_type": "savings"
  },
  {
    "account_type": "savings",
    "recipient_account_type": "checking",
    "recipient_name": "Grace",
    "transfer_amount": "1020",
    "transfer_time": "3"
  },
  {
    "account_balance": "24220.56",
    "account_type": "savings"
  },
  {
    "account_type": "savings",
    "recipient_account_type": "checking",
    "recipient_name": "Kagiso",
    "transfer_amount": "210",
    "transfer_time": "3"
  },
  {
    "account_balance": "17081.81",
    "account_type": "savings"
  },
  {
    "account_type": "savings",
    "recipient_account_type": "savings",
    "recipient_name": "Philip",
    "transfer_amount": "430",
    "transfer_time": "3"
  },
  {
    "account_balance": "1268.81",
    "account_type": "savings"
  },
  {
    "account_balance": "24591.51",
    "account_type": "checking"
  },
  {
    "account_type": "checking",
    "recipient_account_type": "checking",
    "recipient_name": "aunt Jenny",
    "transfer_amount": "670",
    "transfer_time": "1"
  },
  {
    "account_balance": "22175.44",
    "account_type": "checking"
  },
  {
    "account_balance": "1937.88",
    "account_type": "savings"
  },
  {
    "account_type": "savings",
    "recipient_account_type": "checking",
    "recipient_name": "Yumi",
    "transfer_amount": "180",
    "transfer_time": "3"
  },
  {
    "account_balance": "14793.85",
    "account_type": "checking"
  },
  {
    "account_type": "checking",
    "recipient_account_type": "checking",
    "recipient_name": "Jasbir",
    "transfer_amount": "1560",
    "transfer_time": "1"
  },
  {
    "account_balance": "9021.82",
    "account_type": "checking"
  },
  {
    "account_balance": "8962.88",
    "account_type": "savings"
  },
  {
    "account_type": "savings",
    "recipient_account_type": "checking",
    "recipient_name": "Philip",
    "transfer_amount": "890",
    "transfer_time": "3"
  },
  {
    "account_balance": "8742.76",
    "account_type": "checking"
  },
  {
    "account_type": "checking",
    "recipient_account_type": "checking",
    "recipient_name": "Li",
    "transfer_amount": "1530",
    "transfer_time": "1"
  },
  {
    "account_balance": "7508.31",
    "account_type": "savings"
  },
  {
    "account_type": "savings",
    "recipient_account_type": "checking",
    "recipient_name": "Jasbir",
    "transfer_amount": "1780",
    "transfer_time": "3"
  },
  {
    "account_balance": "16641.82",
    "account_type": "checking"
  },
  {
    "account_balance": "20265.21",
    "account_type": "savings"
  },
  {
    "account_type": "savings",
    "recipient_account_type": "checking",
    "recipient_name": "Mom",
    "transfer_amount": "1700",
    "transfer_time": "3"
  },
  {
    "account_balance": "21411.30",
    "account_type": "savings"
  },
  {
    "account_balance": "23155.32",
    "account_type": "savings"
  },
  {
    "account_type": "savings",
    "recipient_account_type": "savings",
    "recipient_name": "aunt Jenny",
    "transfer_amount": "520",
    "transfer_time": "3"
  },
  {
    "account_balance": "22941.69",
    "account_type": "checking"
  },
  {
    "account_type": "checking",
    "recipient_account_type": "checking",
    "recipient_name": "Mom",
    "transfer_amount": "1410",
    "transfer_time": "1"
  },
  {
    "account_balance": "5670.53",
    "account_type": "checking"
  },
  {
    "account_type": "checking",
    "recipient_account_type": "savings",
    "recipient_name": "Jasbir",
    "transfer_amount": "1450",
    "transfer_time": "3"
  },
  {
    "account_balance": "12849.41",
    "account_type": "savings"
  },
  {
    "account_balance": "18629.43",
    "account_type": "checking"
  },
  {
    "account_type": "checking",
    "recipient_account_type": "dontcare",
    "recipient_name": "Jasbir",
    "transfer_amount": "20",
    "transfer_time": "3"
  },
  {
    "account_balance": "14041.84",
    "account_type": "checking"
  },
  {
    "account_balance": "1481.35",
    "account_type": "savings"
  },
  {
    "account_type": "savings",
    "recipient_account_type": "checking",
    "recipient_name": "Justin",
    "transfer_amount": "1130",
    "transfer_time": "3"
  },
  {
    "account_balance": "19051.65",
    "account_type": "checking"
  },
  {
    "account_type": "checking",
    "recipient_account_type": "checking",
    "recipient_name": "Yumi",
    "transfer_amount": "900",
    "transfer_time": "1"
  },
  {
    "account_balance": "9813.21",
    "account_type": "savings"
  },
  {
    "account_type": "savings",
    "recipient_account_type": "checking",
    "recipient_name": "Li",
    "transfer_amount": "1180",
    "transfer_time": "3"
  },
  {
    "account_balance": "5749.54",
    "account_type": "savings"
  },
  {
    "account_type": "savings",
    "recipient_account_type": "checking",
    "recipient_name": "uncle Richard",
    "transfer_amount": "1750",
    "transfer_time": "3"
  },
  {
    "account_balance": "16643.56",
    "account_type": "savings"
  },
  {
    "account_type": "savings",
    "recipient_account_type": "checking",
    "recipient_name": "Philip",
    "transfer_amount": "570",
    "transfer_time": "3"
  },
  {
    "account_balance": "10829.39",
    "account_type": "savings"
  },
  {
    "account_type": "savings",
    "recipient_account_type": "savings",
    "recipient_name": "Philip",
    "transfer_amount": "420",
    "transfer_time": "3"
  },
  {
    "account_balance": "20175.62",
    "account_type": "checking"
  },
  {
    "account_balance": "11493.88",
    "account_type": "savings"
  },
  {
    "account_type": "savings",
    "recipient_account_type": "checking",
    "recipient_name": "Jasbir",
    "transfer_amount": "470",
    "transfer_time": "3"
  },
  {
    "account_balance": "7326.66",
    "account_type": "checking"
  },
  {
    "account_type": "checking",
    "recipient_account_type": "savings",
    "recipient_name": "Justin",
    "transfer_amount": "530",
    "transfer_time": "3"
  },
  {
    "account_balance": "20166.46",
    "account_type": "savings"
  },
  {
    "account_balance": "6243.11",
    "account_type": "checking"
  },
  {
    "account_type": "checking",
    "recipient_account_type": "checking",
    "recipient_name": "aunt Jenny",
    "transfer_amount": "1110",
    "transfer_time": "1"
  },
  {
    "account_balance": "18012.69",
    "account_type": "checking"
  },
  {
    "account_type": "checking",
    "recipient_account_type": "checking",
    "recipient_name": "Grace",
    "transfer_amount": "1790",
    "transfer_time": "1"
  },
  {
    "account_balance": "14774.69",
    "account_type": "savings"
  },
  {
    "account_type": "savings",
    "recipient_account_type": "checking",
    "recipient_name": "Li",
    "transfer_amount": "1760",
    "transfer_time": "3"
  },
  {
    "account_balance": "8844.18",
    "account_type": "savings"
  },
  {
    "account_type": "savings",
    "recipient_account_type": "savings",
    "recipient_name": "Jasbir",
    "transfer_amount": "900",
    "transfer_time": "3"
  },
  {
    "account_balance": "20252.51",
    "account_type": "savings"
  },
  {
    "account_balance": "13950.55",
    "account_type": "checking"
  },
  {
    "account_type": "checking",
    "recipient_account_type": "checking",
    "recipient_name": "Philip",
    "transfer_amount": "690",
    "transfer_time": "1"
  },
  {
    "account_balance": "4134.40",
    "account_type": "savings"
  },
  {
    "account_type": "savings",
    "recipient_account_type": "checking",
    "recipient_name": "Yumi",
    "transfer_amount": "1170",
    "transfer_time": "3"
  },
  {
    "account_balance": "22666.15",
    "account_type": "savings"
  },
  {
    "account_type": "savings",
    "recipient_account_type": "checking",
    "recipient_name": "Jasbir",
    "transfer_amount": "1400",
    "transfer_time": "3"
  },
  {
    "account_balance": "16313.89",
    "account_type": "savings"
  },
  {
    "account_type": "savings",
    "recipient_account_type": "checking",
    "recipient_name": "uncle Richard",
    "transfer_amount": "310",
    "transfer_time": "3"
  },
  {
    "account_balance": "7807.23",
    "account_type": "savings"
  },
  {
    "account_type": "savings",
    "recipient_account_type": "savings",
    "recipient_name": "Yumi",
    "transfer_amount": "1290",
    "transfer_time": "3"
  },
  {
    "account_balance": "5137.56",
    "account_type": "checking"
  },
  {
    "account_type": "checking",
    "recipient_account_type": "checking",
    "recipient_name": "Mahmoud",
    "transfer_amount": "470",
    "transfer_time": "1"
  },
  {
    "account_balance": "497.32",
    "account_type": "savings"
  },
  {
    "account_type": "savings",
    "recipient_account_type": "savings",
    "recipient_name": "Dad",
    "transfer_amount": "20",
    "transfer_time": "3"
  },
  {
    "account_balance": "18149.68",
    "account_type": "savings"
  },
  {
    "account_balance": "6335.80",
    "account_type": "checking"
  },
  {
    "account_type": "checking",
    "recipient_account_type": "checking",
    "recipient_name": "Kagiso",
    "transfer_amount": "1380",
    "transfer_time": "1"
  },
  {
    "account_balance": "6628.55",
    "account_type": "savings"
  },
  {
    "account_balance": "20583.82",
    "account_type": "checking"
  },
  {
    "account_type": "checking",
    "recipient_account_type": "checking",
    "recipient_name": "Li",
    "transfer_amount": "50",
    "transfer_time": "1"
  },
  {
    "account_balance": "20155.29",
    "account_type": "checking"
  },
  {
    "account_type": "checking",
    "recipient_account_type": "savings",
    "recipient_name": "Grace",
    "transfer_amount": "1760",
    "transfer_time": "3"
  },
  {
    "account_balance": "3136.70",
    "account_type": "savings"
  },
  {
    "account_balance": "4418.53",
    "account_type": "checking"
  },
  {
    "account_type": "checking",
    "recipient_account_type": "checking",
    "recipient_name": "Diego",
    "transfer_amount": "850",
    "transfer_time": "1"
  },
  {
    "account_balance": "10041.51",
    "account_type": "savings"
  },
  {
    "account_type": "savings",
    "recipient_account_type": "checking",
    "recipient_name": "Yumi",
    "transfer_amount": "350",
    "transfer_time": "3"
  },
  {
    "account_balance": "8771.23",
    "account_type": "savings"
  },
  {
    "account_type": "savings",
    "recipient_account_type": "checking",
    "recipient_name": "Philip",
    "transfer_amount": "1310",
    "transfer_time": "3"
  },
  {
    "account_balance": "23377.57",
    "account_type": "savings"
  },
  {
    "account_type": "savings",
    "recipient_account_type": "savings",
    "recipient_name": "Li",
    "transfer_amount": "370",
    "transfer_time": "3"
  },
  {
    "account_balance": "15559.71",
    "account_type": "checking"
  },
  {
    "account_type": "checking",
    "recipient_account_type": "checking",
    "recipient_name": "Philip",
    "transfer_amount": "140",
    "transfer_time": "1"
  },
  {
    "account_balance": "21133.64",
    "account_type": "savings"
  },
  {
    "account_type": "savings",
    "recipient_account_type": "checking",
    "recipient_name": "Dad",
    "transfer_amount": "160",
    "transfer_time": "3"
  },
  {
    "account_balance": "2238.63",
    "account_type": "savings"
  },
  {
    "account_balance": "22602.19",
    "account_type": "checking"
  },
  {
    "account_type": "checking",
    "recipient_account_type": "checking",
    "recipient_name": "Justin",
    "transfer_amount": "570",
    "transfer_time": "1"
  },
  {
    "account_balance": "21117.84",
    "account_type": "savings"
  },
  {
    "account_type": "savings",
    "recipient_account_type": "savings",
    "recipient_name": "Mom",
    "transfer_amount": "120",
    "transfer_time": "3"
  },
  {
    "account_balance": "2832.14",
    "account_type": "checking"
  },
  {
    "account_type": "checking",
    "recipient_account_type": "checking",
    "recipient_name": "Jasbir",
    "transfer_amount": "710",
    "transfer_time": "1"
  },
  {
    "account_balance": "18657.31",
    "account_type": "savings"
  },
  {
    "account_balance": "13506.79",
    "account_type": "checking"
  },
  {
    "account_type": "checking",
    "recipient_account_type": "checking",
    "recipient_name": "Jasbir",
    "transfer_amount": "1440",
    "transfer_time": "1"
  },
  {
    "account_balance": "16950.67",
    "account_type": "savings"
  },
  {
    "account_balance": "20612.43",
    "account_type": "checking"
  },
  {
    "account_type": "checking",
    "recipient_account_type": "savings",
    "recipient_name": "Kagiso",
    "transfer_amount": "850",
    "transfer_time": "3"
  },
  {
    "account_balance": "21836.31",
    "account_type": "checking"
  },
  {
    "account_type": "checking",
    "recipient_account_type": "savings",
    "recipient_name": "Mahmoud",
    "transfer_amount": "1670",
    "transfer_time": "3"
  },
  {
    "account_balance": "13216.83",
    "account_type": "checking"
  },
  {
    "account_balance": "8553.56",
    "account_type": "checking"
  },
  {
    "account_type": "checking",
    "recipient_account_type": "checking",
    "recipient_name": "Mom",
    "transfer_amount": "70",
    "transfer_time": "1"
  },
  {
    "account_balance": "18615.73",
    "account_type": "checking"
  },
  {
    "account_balance": "24763.56",
    "account_type": "savings"
  },
  {
    "account_type": "savings",
    "recipient_account_type": "checking",
    "recipient_name": "Mahmoud",
    "transfer_amount": "1100",
    "transfer_time": "3"
  },
  {
    "account_balance": "15914.54",
    "account_type": "checking"
  },
  {
    "account_balance": "17894.32",
    "account_type": "savings"
  },
  {
    "account_type": "savings",
    "recipient_account_type": "dontcare",
    "recipient_name": "Li",
    "transfer_amount": "1790",
    "transfer_time": "3"
  },
  {
    "account_balance": "13536.44",
    "account_type": "savings"
  },
  {
    "account_type": "savings",
    "recipient_account_type": "checking",
    "recipient_name": "Diego",
    "transfer_amount": "260",
    "transfer_time": "3"
  },
  {
    "account_balance": "24198.26",
    "account_type": "checking"
  },
  {
    "account_type": "checking",
    "recipient_account_type": "checking",
    "recipient_name": "Mahmoud",
    "transfer_amount": "1680",
    "transfer_time": "1"
  },
  {
    "account_balance": "12439.68",
    "account_type": "checking"
  },
  {
    "account_type": "checking",
    "recipient_account_type": "savings",
    "recipient_name": "uncle Richard",
    "transfer_amount": "180",
    "transfer_time": "3"
  },
  {
    "account_balance": "6062.88",
    "account_type": "savings"
  },
  {
    "account_type": "savings",
    "recipient_account_type": "checking",
    "recipient_name": "aunt Jenny",
    "transfer_amount": "700",
    "transfer_time": "3"
  },
  {
    "account_balance": "12949.69",
    "account_type": "checking"
  },
  {
    "account_type": "checking",
    "recipient_account_type": "checking",
    "recipient_name": "Philip",
    "transfer_amount": "180",
    "transfer_time": "1"
  },
  {
    "account_balance": "17789.89",
    "account_type": "checking"
  },
  {
    "account_type": "checking",
    "recipient_account_type": "checking",
    "recipient_name": "uncle Richard",
    "transfer_amount": "1200",
    "transfer_time": "1"
  },
  {
    "account_balance": "1679.63",
    "account_type": "checking"
  },
  {
    "account_type": "checking",
    "recipient_account_type": "checking",
    "recipient_name": "Mahmoud",
    "transfer_amount": "320",
    "transfer_time": "1"
  },
  {
    "account_balance": "1623.37",
    "account_type": "checking"
  },
  {
    "account_type": "checking",
    "recipient_account_type": "checking",
    "recipient_name": "Grace",
    "transfer_amount": "1570",
    "transfer_time": "1"
  },
  {
    "account_balance": "10960.26",
    "account_type": "checking"
  },
  {
    "account_type": "checking",
    "recipient_account_type": "checking",
    "recipient_name": "Grace",
    "transfer_amount": "1340",
    "transfer_time": "1"
  },
  {
    "account_balance": "15034.68",
    "account_type": "checking"
  },
  {
    "account_balance": "8675.83",
    "account_type": "savings"
  },
  {
    "account_type": "savings",
    "recipient_account_type": "checking",
    "recipient_name": "Grace",
    "transfer_amount": "1420",
    "transfer_time": "3"
  },
  {
    "account_balance": "3884.66",
    "account_type": "savings"
  },
  {
    "account_type": "savings",
    "recipient_account_type": "checking",
    "recipient_name": "Svetlana",
    "transfer_amount": "460",
    "transfer_time": "3"
  },
  {
    "account_balance": "2958.74",
    "account_type": "savings"
  },
  {
    "account_balance": "16859.66",
    "account_type": "checking"
  },
  {
    "account_type": "checking",
    "recipient_account_type": "checking",
    "recipient_name": "Grace",
    "transfer_amount": "1300",
    "transfer_time": "1"
  },
  {
    "account_balance": "3242.52",
    "account_type": "checking"
  },
  {
    "account_type": "checking",
    "recipient_account_type": "checking",
    "recipient_name": "Philip",
    "transfer_amount": "1120",
    "transfer_time": "1"
  },
  {
    "account_balance": "14723.59",
    "account_type": "savings"
  },
  {
    "account_type": "savings",
    "recipient_account_type": "savings",
    "recipient_name": "Mahmoud",
    "transfer_amount": "610",
    "transfer_time": "3"
  },
  {
    "account_balance": "7060.62",
    "account_type": "savings"
  },
  {
    "account_type": "savings",
    "recipient_account_type": "checking",
    "recipient_name": "aunt Jenny",
    "transfer_amount": "990",
    "transfer_time": "3"
  },
  {
    "account_balance": "3261.87",
    "account_type": "checking"
  },
  {
    "account_balance": "13277.30",
    "account_type": "savings"
  },
  {
    "account_type": "savings",
    "recipient_account_type": "checking",
    "recipient_name": "Khadija",
    "transfer_amount": "370",
    "transfer_time": "3"
  },
  {
    "account_balance": "20098.57",
    "account_type": "checking"
  },
  {
    "account_balance": "21121.14",
    "account_type": "savings"
  },
  {
    "account_balance": "4882.28",
    "account_type": "savings"
  },
  {
    "account_balance": "22113.27",
    "account_type": "checking"
  },
  {
    "account_balance": "5733.40",
    "account_type": "savings"
  },
  {
    "account_balance": "1578.32",
    "account_type": "savings"
  },
  {
    "account_balance": "16373.10",
    "account_type": "savings"
  },
  {
    "account_balance": "9809.25",
    "account_type": "checking"
  },
  {
    "account_balance": "18072.89",
    "account_type": "savings"
  },
  {
    "account_balance": "15745.67",
    "account_type": "checking"
  },
  {
    "account_balance": "12349.37",
    "account_type": "checking"
  },
  {
    "account_balance": "15286.60",
    "account_type": "savings"
  },
  {
    "account_balance": "16691.67",
    "account_type": "checking"
  },
  {
    "account_balance": "14578.25",
    "account_type": "savings"
  },
  {
    "account_balance": "569.20",
    "account_type": "savings"
  },
  {
    "account_balance": "6572.13",
    "account_type": "savings"
  },
  {
    "account_balance": "5575.67",
    "account_type": "checking"
  },
  {
    "account_balance": "18625.71",
    "account_type": "checking"
  },
  {
    "account_balance": "18891.31",
    "account_type": "savings"
  },
  {
    "account_balance": "4693.21",
    "account_type": "savings"
  },
  {
    "account_balance": "9475.45",
    "account_type": "checking"
  },
  {
    "account_balance": "1652.11",
    "account_type": "checking"
  },
  {
    "account_balance": "7272.81",
    "account_type": "savings"
  },
  {
    "account_balance": "12685.85",
    "account_type": "savings"
  },
  {
    "account_balance": "13966.60",
    "account_type": "checking"
  },
  {
    "account_balance": "8340.39",
    "account_type": "savings"
  },
  {
    "account_balance": "3111.74",
    "account_type": "savings"
  },
  {
    "account_balance": "5313.45",
    "account_type": "checking"
  },
  {
    "account_balance": "18431.34",
    "account_type": "checking"
  },
  {
    "account_balance": "20550.10",
    "account_type": "savings"
  },
  {
    "account_balance": "6518.22",
    "account_type": "checking"
  },
  {
    "account_balance": "10493.81",
    "account_type": "savings"
  },
  {
    "account_balance": "3207.56",
    "account_type": "savings"
  },
  {
    "account_balance": "21320.48",
    "account_type": "checking"
  },
  {
    "account_balance": "16841.84",
    "account_type": "checking"
  },
  {
    "account_balance": "8228.88",
    "account_type": "savings"
  },
  {
    "account_balance": "10988.12",
    "account_type": "savings"
  },
  {
    "account_balance": "1117.73",
    "account_type": "checking"
  },
  {
    "account_balance": "23055.60",
    "account_type": "savings"
  },
  {
    "account_balance": "1627.39",
    "account_type": "savings"
  },
  {
    "account_balance": "15140.78",
    "account_type": "savings"
  },
  {
    "account_balance": "14108.67",
    "account_type": "checking"
  },
  {
    "account_balance": "20466.10",
    "account_type": "checking"
  },
  {
    "account_balance": "464.75",
    "account_type": "savings"
  },
  {
    "account_balance": "8746.79",
    "account_type": "savings"
  },
  {
    "account_balance": "23810.78",
    "account_type": "savings"
  },
  {
    "account_balance": "10274.54",
    "account_type": "savings"
  },
  {
    "account_balance": "5968.83",
    "account_type": "checking"
  },
  {
    "account_balance": "1362.83",
    "account_type": "checking"
  },
  {
    "account_balance": "8377.72",
    "account_type": "checking"
  },
  {
    "account_balance": "19812.84",
    "account_type": "savings"
  },
  {
    "account_balance": "14864.33",
    "account_type": "checking"
  },
  {
    "account_balance": "21688.13",
    "account_type": "checking"
  },
  {
    "account_balance": "21021.16",
    "account_type": "checking"
  },
  {
    "account_balance": "9951.37",
    "account_type": "checking"
  },
  {
    "account_balance": "5028.28",
    "account_type": "savings"
  },
  {
    "account_balance": "2959.89",
    "account_type": "checking"
  },
  {
    "account_balance": "5653.30",
    "account_type": "savings"
  },
  {
    "account_balance": "7723.65",
    "account_type": "checking"
  },
  {
    "account_balance": "23845.61",
    "account_type": "savings"
  },
  {
    "account_balance": "20250.90",
    "account_type": "savings"
  },
  {
    "account_balance": "20995.79",
    "account_type": "savings"
  },
  {
    "account_balance": "22059.39",
    "account_type": "checking"
  },
  {
    "account_balance": "6947.34",
    "account_type": "savings"
  },
  {
    "account_balance": "4357.58",
    "account_type": "checking"
  },
  {
    "account_balance": "6173.58",
    "account_type": "checking"
  },
  {
    "account_balance": "14481.44",
    "account_type": "savings"
  },
  {
    "account_balance": "5379.64",
    "account_type": "savings"
  },
  {
    "account_balance": "20595.21",
    "account_type": "savings"
  },
  {
    "account_balance": "9723.48",
    "account_type": "savings"
  },
  {
    "account_balance": "21636.85",
    "account_type": "savings"
  },
  {
    "account_balance": "8368.80",
    "account_type": "checking"
  },
  {
    "account_balance": "9951.25",
    "account_type": "checking"
  },
  {
    "account_balance": "3337.23",
    "account_type": "savings"
  },
  {
    "account_balance": "5729.17",
    "account_type": "savings"
  },
  {
    "account_balance": "16808.40",
    "account_type": "savings"
  },
  {
    "account_balance": "23026.50",
    "account_type": "checking"
  },
  {
    "account_balance": "17336.77",
    "account_type": "checking"
  },
  {
    "account_balance": "18887.77",
    "account_type": "checking"
  },
  {
    "account_balance": "20005.84",
    "account_type": "checking"
  },
  {
    "account_balance": "14761.41",
    "account_type": "savings"
  },
  {
    "account_balance": "22060.43",
    "account_type": "savings"
  },
  {
    "account_balance": "10809.51",
    "account_type": "checking"
  },
  {
    "account_balance": "11143.32",
    "account_type": "savings"
  },
  {
    "account_balance": "2431.24",
    "account_type": "checking"
  },
  {
    "account_balance": "15678.10",
    "account_type": "savings"
  },
  {
    "account_balance": "2731.58",
    "account_type": "savings"
  },
  {
    "account_balance": "16518.16",
    "account_type": "savings"
  },
  {
    "account_balance": "16043.49",
    "account_type": "savings"
  },
  {
    "account_balance": "16236.88",
    "account_type": "savings"
  },
  {
    "account_balance": "13797.18",
    "account_type": "checking"
  },
  {
    "account_balance": "11886.19",
    "account_type": "checking"
  },
  {
    "account_balance": "20852.23",
    "account_type": "checking"
  },
  {
    "account_balance": "10374.11",
    "account_type": "checking"
  },
  {
    "account_balance": "484.45",
    "account_type": "checking"
  },
  {
    "account_balance": "24140.20",
    "account_type": "savings"
  },
  {
    "account_balance": "6141.30",
    "account_type": "savings"
  },
  {
    "account_balance": "583.48",
    "account_type": "checking"
  },
  {
    "account_balance": "21247.30",
    "account_type": "savings"
  },
  {
    "account_balance": "6190.57",
    "account_type": "checking"
  },
  {
    "account_balance": "13660.51",
    "account_type": "checking"
  },
  {
    "account_balance": "3884.76",
    "account_type": "checking"
  },
  {
    "account_balance": "20639.22",
    "account_type": "savings"
  },
  {
    "account_balance": "24887.37",
    "account_type": "savings"
  },
  {
    "account_balance": "19654.11",
    "account_type": "savings"
  },
  {
    "account_balance": "15994.60",
    "account_type": "checking"
  },
  {
    "account_balance": "7824.51",
    "account_type": "checking"
  },
  {
    "account_balance": "11950.85",
    "account_type": "savings"
  },
  {
    "account_balance": "13013.19",
    "account_type": "checking"
  },
  {
    "account_balance": "17480.38",
    "account_type": "savings"
  },
  {
    "account_balance": "1316.32",
    "account_type": "savings"
  },
  {
    "account_balance": "24145.40",
    "account_type": "checking"
  },
  {
    "account_balance": "23470.51",
    "account_type": "savings"
  },
  {
    "account_balance": "10927.21",
    "account_type": "savings"
  },
  {
    "account_balance": "21192.28",
    "account_type": "checking"
  },
  {
    "account_balance": "14440.31",
    "account_type": "savings"
  },
  {
    "account_balance": "9095.29",
    "account_type": "savings"
  },
  {
    "account_balance": "21121.59",
    "account_type": "checking"
  },
  {
    "account_balance": "18404.82",
    "account_type": "savings"
  },
  {
    "account_balance": "18483.36",
    "account_type": "checking"
  },
  {
    "account_balance": "6022.83",
    "account_type": "savings"
  },
  {
    "account_balance": "24875.70",
    "account_type": "checking"
  },
  {
    "account_balance": "673.37",
    "account_type": "checking"
  }
]