[
  {
    "directed_by": "Brian De Palma",
    "genre": "Mystery",
    "subtitles": "True",
    "title": "Body Double"
  },
  {
    "directed_by": "Neil Burger",
    "genre": "Comedy",
    "subtitles": "False",
    "title": "The Upside"
  },
  {
    "directed_by": "Laure de Clermont-Tonnerre",
    "genre": "Drama",
    "subtitles": "False",
    "title": "The Mustang"
  },
  {
    "directed_by": "Dean DeBlois",
    "genre": "Animation",
    "subtitles": "False",
    "title": "How to Train Your Dragon: The Hidden World"
  },
  {
    "directed_by": "Sebastian Lelio",
    "genre": "Comedy",
    "subtitles": "False",
    "title": "Gloria Bell"
  },
  {
    "directed_by": "Justin Kelly",
    "genre": "Biographical",
    "subtitles": "False",
    "title": "JT LeRoy"
  },
  {
    "directed_by": "Jia Zhangke",
    "genre": "Crime",
    "subtitles": "False",
    "title": "Ash Is Purest White"
  },
  {
    "directed_by": "Stanley Kubrick",
    "genre": "Comedy",
    "subtitles": "False",
    "title": "Dr. Strangelove"
  },
  {
    "directed_by": "Orson Welles",
    "genre": "Mystery",
    "subtitles": "False",
    "title": "Citizen Kane"
  },
  {
    "directed_by": "Robert Budreau",
    "genre": "Comedy",
    "subtitles": "True",
    "title": "Stockholm"
  },
  {
    "directed_by": "Neil Marshall",
    "genre": "Fantasy",
    "subtitles": "False",
    "title": "Hellboy"
  },
  {
    "directed_by": "Michael Chaves",
    "genre": "Horror",
    "subtitles": "False",
    "title": "The Curse of La Llorona"
  },
  {
    "directed_by": "Anthony Maras",
    "genre": "Thriller",
    "subtitles": "True",
    "title": "Hotel Mumbai"
  },
  {
    "directed_by": "Qui Sheng",
    "genre": "Drama",
    "subtitles": "False",
    "title": "Suburban Birds"
  },
  {
    "directed_by": "Peter Farrelly",
    "genre": "Comedy",
    "subtitles": "False",
    "title": "Green Book"
  },
  {
    "directed_by": "Chris Butler",
    "genre": "Comedy",
    "subtitles": "False",
    "title": "Missing Link"
  },
  {
    "directed_by": "Garth Davis",
    "genre": "Drama",
    "subtitles": "False",
    "title": "Mary Magdalene"
  },
  {
    "directed_by": "Hiroyasu Ishida",
    "genre": "Fantasy",
    "subtitles": "True",
    "title": "Penguin Highway"
  },
  {
    "directed_by": "James Kent",
    "genre": "War",
    "subtitles": "False",
    "title": "The Aftermath"
  },
  {
    "directed_by": "Simon Jaquemet",
    "genre": "Drama",
    "subtitles": "False",
    "title": "The Innocent"
  },
  {
    "directed_by": "Roxann Dawson",
    "genre": "Biographical",
    "subtitles": "True",
    "title": "Breakthrough"
  },
  {
    "directed_by": "Eric Khoo",
    "genre": "Drama",
    "subtitles": "False",
    "title": "Ramen Shop"
  },
  {
    "directed_by": "Max Minghella",
    "genre": "Musical",
    "subtitles": "False",
    "title": "Teen Spirit"
  },
  {
    "directed_by": "Likarion Wainaina",
    "genre": "Drama",
    "subtitles": "False",
    "title": "Supa Modo"
  },
  {
    "directed_by": "Claus Rafle",
    "genre": "Documentary",
    "subtitles": "False",
    "title": "The Invisibles"
  },
  {
    "directed_by": "Eric Khoo",
    "genre": "Drama",
    "subtitles": "True",
    "title": "Ramen Shop"
  },
  {
    "directed_by": "Alfred Hitchcock",
    "genre": "Drama",
    "subtitles": "True",
    "title": "The Man Who Knew Too Much"
  },
  {
    "directed_by": "James Kent",
    "genre": "War",
    "subtitles": "True",
    "title": "The Aftermath"
  },
  {
    "directed_by": "Anthony Maras",
    "genre": "Thriller",
    "subtitles": "False",
    "title": "Hotel Mumbai"
  },
  {
    "directed_by": "George Miller",
    "genre": "Fantasy",
    "subtitles": "True",
    "title": "Mad Max: Fury Road"
  },
  {
    "directed_by": "David Sandberg",
    "genre": "Adventure",
    "subtitles": "False",
    "title": "Shazam!"
  },
  {
    "directed_by": "Laszlo Nemes",
    "genre": "Drama",
    "subtitles": "True",
    "title": "Sunset"
  },
  {
    "directed_by": "Martin Scorsese",
    "genre": "Biographical",
    "subtitles": "False",
    "title": "Shine a Light"
  },
  {
    "directed_by": "Sebastian Lelio",
    "genre": "Comedy",
    "subtitles": "True",
    "title": "Gloria Bell"
  },
  {
    "directed_by": "Dean DeBlois",
    "genre": "Animation",
    "subtitles": "True",
    "title": "How to Train Your Dragon: The Hidden World"
  },
  {
    "directed_by": "Laura Steinel",
    "genre": "Comedy",
    "subtitles": "False",
    "title": "Family"
  },
  {
    "directed_by": "Tyler Perry",
    "genre": "Comedy",
    "subtitles": "True",
    "title": "A Madea Family Funeral"
  },
  {
    "directed_by": "George Sidney",
    "genre": "Romance",
    "subtitles": "True",
    "title": "Viva Las Vegas"
  },
  {
    "directed_by": "Laure de Clermont-Tonnerre",
    "genre": "Drama",
    "subtitles": "True",
    "title": "The Mustang"
  },
  {
    "directed_by": "Malik Bendjelloul",
    "genre": "Biographical",
    "subtitles": "False",
    "title": "Searching for Sugar Man"
  },
  {
    "directed_by": "Kevin Kolsch",
    "genre": "Thriller",
    "subtitles": "True",
    "title": "Pet Sematary"
  },
  {
    "directed_by": "Martin Scorsese",
    "genre": "Biographical",
    "subtitles": "True",
    "title": "Shine a Light"
  },
  {
    "directed_by": "Michael Chaves",
    "genre": "Horror",
    "subtitles": "True",
    "title": "The Curse of La Llorona"
  },
  {
    "directed_by": "Stephen Merchant",
    "genre": "Sports",
    "subtitles": "False",
    "title": "Fighting with My Family"
  },
  {
    "directed_by": "Laura Steinel",
    "genre": "Comedy",
    "subtitles": "True",
    "title": "Family"
  },
  {
    "directed_by": "Anna Boden",
    "genre": "Adventure",
    "subtitles": "True",
    "title": "Captain Marvel"
  },
  {
    "directed_by": "David Sandberg",
    "genre": "Adventure",
    "subtitles": "True",
    "title": "Shazam!"
  },
  {
    "directed_by": "Ronald Neame",
    "genre": "Adventure",
    "subtitles": "True",
    "title": "The Poseidon Adventure"
  },
  {
    "directed_by": "Joel Coen",
    "genre": "Adventure",
    "subtitles": "True",
    "title": "True Grit"
  },
  {
    "directed_by": "Joel Coen",
    "genre": "Adventure",
    "subtitles": "False",
    "title": "True Grit"
  },
  {
    "directed_by": "Morton DaCosta",
    "genre": "Comedy",
    "subtitles": "True",
    "title": "Auntie Mame"
  },
  {
    "directed_by": "Stanley Kubrick",
    "genre": "Comedy",
    "subtitles": "True",
    "title": "Dr. Strangelove"
  },
  {
    "directed_by": "Peter Farrelly",
    "genre": "Comedy",
    "subtitles": "True",
    "title": "Green Book"
  },
  {
    "directed_by": "Harry Elfont",
    "genre": "Comedy",
    "subtitles": "True",
    "title": "Josie and the Pussycats"
  },
  {
    "directed_by": "Tina Gordon",
    "genre": "Comedy",
    "subtitles": "True",
    "title": "Little"
  },
  {
    "directed_by": "Jonathan Levine",
    "genre": "Comedy",
    "subtitles": "True",
    "title": "Long Shot"
  },
  {
    "directed_by": "Chris Butler",
    "genre": "Comedy",
    "subtitles": "True",
    "title": "Missing Link"
  },
  {
    "directed_by": "Likarion Wainaina",
    "genre": "Drama",
    "subtitles": "True",
    "title": "Supa Modo"
  },
  {
    "directed_by": "Tim Burton",
    "genre": "Fantasy",
    "subtitles": "False",
    "title": "Dumbo"
  },
  {
    "directed_by": "Tyler Perry",
    "genre": "Comedy",
    "subtitles": "False",
    "title": "A Madea Family Funeral"
  },
  {
    "directed_by": "Justin Kelly",
    "genre": "Biographical",
    "subtitles": "True",
    "title": "JT LeRoy"
  },
  {
    "directed_by": "Roxann Dawson",
    "genre": "Biographical",
    "subtitles": "False",
    "title": "Breakthrough"
  },
  {
    "directed_by": "Matteo Garrone",
    "genre": "Drama",
    "subtitles": "True",
    "title": "Dogman"
  },
  {
    "directed_by": "Iain Softley",
    "genre": "Drama",
    "subtitles": "True",
    "title": "Hackers"
  },
  {
    "directed_by": "Claire Denis",
    "genre": "Drama",
    "subtitles": "True",
    "title": "High Life"
  },
  {
    "directed_by": "Nia DaCosta",
    "genre": "Drama",
    "subtitles": "False",
    "title": "Little Woods"
  },
  {
    "directed_by": "Garth Davis",
    "genre": "Drama",
    "subtitles": "True",
    "title": "Mary Magdalene"
  },
  {
    "directed_by": "Trevor Nunn",
    "genre": "Drama",
    "subtitles": "False",
    "title": "Red Joan"
  },
  {
    "directed_by": "Qui Sheng",
    "genre": "Drama",
    "subtitles": "True",
    "title": "Suburban Birds"
  },
  {
    "directed_by": "Madeleine Olnek",
    "genre": "Drama",
    "subtitles": "True",
    "title": "Wild Nights with Emily"
  },
  {
    "directed_by": "Jenny Gage",
    "genre": "Romance",
    "subtitles": "True",
    "title": "After"
  },
  {
    "directed_by": "Michael Gordon",
    "genre": "Romance",
    "subtitles": "True",
    "title": "Pillow Talk"
  },
  {
    "directed_by": "Cameron Crowe",
    "genre": "Romance",
    "subtitles": "True",
    "title": "Say Anything"
  },
  {
    "directed_by": "Tom McCarthy",
    "genre": "Romance",
    "subtitles": "True",
    "title": "The Visitor"
  },
  {
    "directed_by": "Stephen Merchant",
    "genre": "Sports",
    "subtitles": "True",
    "title": "Fighting with My Family"
  },
  {
    "directed_by": "Elaine May",
    "genre": "Mafia",
    "subtitles": "False",
    "title": "Mikey and Nicky"
  },
  {
    "directed_by": "Orson Welles",
    "genre": "Mystery",
    "subtitles": "True",
    "title": "Citizen Kane"
  },
  {
    "directed_by": "Alfred Hitchcock",
    "genre": "Crime",
    "subtitles": "True",
    "title": "Blackmail - Cinemix Par Chloe"
  },
  {
    "directed_by": "Max Minghella",
    "genre": "Musical",
    "subtitles": "True",
    "title": "Teen Spirit"
  },
  {
    "directed_by": "Tina Gordon",
    "genre": "Comedy",
    "subtitles": "False",
    "title": "Little"
  },
  {
    "directed_by": "Ronald Neame",
    "genre": "Adventure",
    "subtitles": "False",
    "title": "The Poseidon Adventure"
  },
  {
    "directed_by": "Neil Burger",
    "genre": "Comedy",
    "subtitles": "True",
    "title": "The Upside"
  },
  {
    "directed_by": "Matteo Garrone",
    "genre": "Drama",
    "subtitles": "False",
    "title": "Dogman"
  },
  {
    "directed_by": "Robin Bissell",
    "genre": "Drama",
    "subtitles": "True",
    "title": "The Best of Enemies"
  },
  {
    "directed_by": "Jia Zhangke",
    "genre": "Crime",
    "subtitles": "True",
    "title": "Ash Is Purest White"
  },
  {
    "directed_by": "Michael Schultz",
    "genre": "Action",
    "subtitles": "True",
    "title": "The Last Dragon"
  },
  {
    "directed_by": "Michael Schultz",
    "genre": "Action",
    "subtitles": "False",
    "title": "The Last Dragon"
  },
  {
    "directed_by": "Rachel Lears",
    "genre": "Documentary",
    "subtitles": "False",
    "title": "Knock Down The House"
  },
  {
    "directed_by": "Hiroyasu Ishida",
    "genre": "Fantasy",
    "subtitles": "False",
    "title": "Penguin Highway"
  },
  {
    "directed_by": "Madeleine Olnek",
    "genre": "Drama",
    "subtitles": "False",
    "title": "Wild Nights with Emily"
  },
  {
    "directed_by": "Claire Denis",
    "genre": "Drama",
    "subtitles": "False",
    "title": "High Life"
  },
  {
    "directed_by": "Michael Gordon",
    "genre": "Romance",
    "subtitles": "False",
    "title": "Pillow Talk"
  },
  {
    "directed_by": "Kevin Kolsch",
    "genre": "Thriller",
    "subtitles": "False",
    "title": "Pet Sematary"
  },
  {
    "directed_by": "Simon Jaquemet",
    "genre": "Drama",
    "subtitles": "True",
    "title": "The Innocent"
  },
  {
    "directed_by": "Robert Budreau",
    "genre": "Comedy",
    "subtitles": "False",
    "title": "Stockholm"
  },
  {
    "directed_by": "Jonathan Levine",
    "genre": "Comedy",
    "subtitles": "False",
    "title": "Long Shot"
  },
  {
    "directed_by": "Laszlo Nemes",
    "genre": "Drama",
    "subtitles": "False",
    "title": "Sunset"
  },
  {
    "directed_by": "George Miller",
    "genre": "Fantasy",
    "subtitles": "False",
    "title": "Mad Max: Fury Road"
  },
  {
    "directed_by": "Christian Petzold",
    "genre": "Drama",
    "subtitles": "False",
    "title": "Transit"
  },
  {
    "directed_by": "Alfred Hitchcock",
    "genre": "Drama",
    "subtitles": "False",
    "title": "The Man Who Knew Too Much"
  },
  {
    "directed_by": "George Sidney",
    "genre": "Romance",
    "subtitles": "False",
    "title": "Viva Las Vegas"
  },
  {
    "directed_by": "Tom McCarthy",
    "genre": "Romance",
    "subtitles": "False",
    "title": "The Visitor"
  },
  {
    "directed_by": "Anna Boden",
    "genre": "Adventure",
    "subtitles": "False",
    "title": "Captain Marvel"
  },
  {
    "directed_by": "Morton DaCosta",
    "genre": "Comedy",
    "subtitles": "False",
    "title": "Auntie Mame"
  },
  {
    "directed_by": "Harry Elfont",
    "genre": "Comedy",
    "subtitles": "False",
    "title": "Josie and the Pussycats"
  },
  {
    "directed_by": "Iain Softley",
    "genre": "Drama",
    "subtitles": "False",
    "title": "Hackers"
  },
  {
    "directed_by": "Cameron Crowe",
    "genre": "Romance",
    "subtitles": "False",
    "title": "Say Anything"
  },
  {
    "directed_by": "Brian De Palma",
    "genre": "Mystery",
    "subtitles": "False",
    "title": "Body Double"
  },
  {
    "directed_by": "Jenny Gage",
    "genre": "Romance",
    "subtitles": "False",
    "title": "After"
  }
]