[
  {
    "actors": "Edoardo Pesce",
    "director": "Matteo Garrone",
    "genre": "Drama",
    "movie_name": "Dogman",
    "price": "7",
    "subtitle_language": "None"
  },
  {
    "actors": "Angelina Jolie",
    "director": "Iain Softley",
    "genre": "Drama",
    "movie_name": "Hackers",
    "price": "6",
    "subtitle_language": "None"
  },
  {
    "actors": "Andre 3000",
    "director": "Claire Denis",
    "genre": "Drama",
    "movie_name": "High Life",
    "price": "8",
    "subtitle_language": "None"
  },
  {
    "actors": "Luke Kirby",
    "director": "Nia DaCosta",
    "genre": "Drama",
    "movie_name": "Little Woods",
    "price": "3",
    "subtitle_language": "English"
  },
  {
    "actors": "Chiwetel Ejiofor",
    "director": "Garth Davis",
    "genre": "Drama",
    "movie_name": "Mary Magdalene",
    "price": "7",
    "subtitle_language": "Mandarin"
  },
  {
    "actors": "Takumi Saitoh",
    "director": "Eric Khoo",
    "genre": "Drama",
    "movie_name": "Ramen Shop",
    "price": "7",
    "subtitle_language": "Spanish"
  },
  {
    "actors": "Robin Soans",
    "director": "Trevor Nunn",
    "genre": "Drama",
    "movie_name": "Red Joan",
    "price": "7",
    "subtitle_language": "Mandarin"
  },
  {
    "actors": "Deng Jing",
    "director": "Qui Sheng",
    "genre": "Drama",
    "movie_name": "Suburban Birds",
    "price": "3",
    "subtitle_language": "Spanish"
  },
  {
    "actors": "Christian Harting",
    "director": "Laszlo Nemes",
    "genre": "Drama",
    "movie_name": "Sunset",
    "price": "5",
    "subtitle_language": "None"
  },
  {
    "actors": "Peris Wambui",
    "director": "Likarion Wainaina",
    "genre": "Drama",
    "movie_name": "Supa Modo",
    "price": "4",
    "subtitle_language": "None"
  },
  {
    "actors": "Rune Temte",
    "director": "Anna Boden",
    "genre": "Adventure",
    "movie_name": "Captain Marvel",
    "price": "4",
    "subtitle_language": "Spanish"
  },
  {
    "actors": "Mark Strong",
    "director": "David Sandberg",
    "genre": "Adventure",
    "movie_name": "Shazam!",
    "price": "5",
    "subtitle_language": "Spanish"
  },
  {
    "actors": "Fred Sadoff",
    "director": "Ronald Neame",
    "genre": "Adventure",
    "movie_name": "The Poseidon Adventure",
    "price": "6",
    "subtitle_language": "None"
  },
  {
    "actors": "Elizabeth Marvel",
    "director": "Joel Coen",
    "genre": "Adventure",
    "movie_name": "True Grit",
    "price": "7",
    "subtitle_language": "Spanish"
  },
  {
    "actors": "Matt Damon",
    "director": "Joel Coen",
    "genre": "Adventure",
    "movie_name": "True Grit",
    "price": "6",
    "subtitle_language": "None"
  },
  {
    "actors": "Alix Talton",
    "director": "Alfred Hitchcock",
    "genre": "Drama",
    "movie_name": "The Man Who Knew Too Much",
    "price": "4",
    "subtitle_language": "Mandarin"
  },
  {
    "actors": "Brinke Stevens",
    "director": "Brian De Palma",
    "genre": "Mystery",
    "movie_name": "Body Double",
    "price": "7",
    "subtitle_language": "Mandarin"
  },
  {
    "actors": "B.J. Jones",
    "director": "Brian De Palma",
    "genre": "Mystery",
    "movie_name": "Body Double",
    "price": "6",
    "subtitle_language": "English"
  },
  {
    "actors": "Kevin Blatch",
    "director": "Harry Elfont",
    "genre": "Comedy",
    "movie_name": "Josie and the Pussycats",
    "price": "7",
    "subtitle_language": "None"
  },
  {
    "actors": "Victor Banerjee",
    "director": "Claire Denis",
    "genre": "Drama",
    "movie_name": "High Life",
    "price": "7",
    "subtitle_language": "Spanish"
  },
  {
    "actors": "Katharine Isabelle",
    "director": "Harry Elfont",
    "genre": "Comedy",
    "movie_name": "Josie and the Pussycats",
    "price": "6",
    "subtitle_language": "English"
  },
  {
    "actors": "Jay Baruchel",
    "director": "Dean DeBlois",
    "genre": "Animation",
    "movie_name": "How to Train Your Dragon: The Hidden World",
    "price": "8",
    "subtitle_language": "Mandarin"
  },
  {
    "actors": "America Ferrera",
    "director": "Dean DeBlois",
    "genre": "Animation",
    "movie_name": "How to Train Your Dragon: The Hidden World",
    "price": "3",
    "subtitle_language": "None"
  },
  {
    "actors": "Alfred Hitchcock",
    "director": "Alfred Hitchcock",
    "genre": "Drama",
    "movie_name": "The Man Who Knew Too Much",
    "price": "6",
    "subtitle_language": "Spanish"
  },
  {
    "actors": "David Dunston",
    "director": "Tyler Perry",
    "genre": "Comedy",
    "movie_name": "A Madea Family Funeral",
    "price": "4",
    "subtitle_language": "Mandarin"
  },
  {
    "actors": "Saundra Edwards",
    "director": "Morton DaCosta",
    "genre": "Comedy",
    "movie_name": "Auntie Mame",
    "price": "3",
    "subtitle_language": "None"
  },
  {
    "actors": "Roy Stephens",
    "director": "Stanley Kubrick",
    "genre": "Comedy",
    "movie_name": "Dr. Strangelove",
    "price": "5",
    "subtitle_language": "None"
  },
  {
    "actors": "Karan Kendrick",
    "director": "Laura Steinel",
    "genre": "Comedy",
    "movie_name": "Family",
    "price": "6",
    "subtitle_language": "None"
  },
  {
    "actors": "Tyson Ritter",
    "director": "Sebastian Lelio",
    "genre": "Comedy",
    "movie_name": "Gloria Bell",
    "price": "4",
    "subtitle_language": "None"
  },
  {
    "actors": "Von Lewis",
    "director": "Peter Farrelly",
    "genre": "Comedy",
    "movie_name": "Green Book",
    "price": "4",
    "subtitle_language": "Spanish"
  },
  {
    "actors": "Palmer Williams Jr.",
    "director": "Tina Gordon",
    "genre": "Comedy",
    "movie_name": "Little",
    "price": "4",
    "subtitle_language": "None"
  },
  {
    "actors": "Kurt Braunohler",
    "director": "Jonathan Levine",
    "genre": "Comedy",
    "movie_name": "Long Shot",
    "price": "6",
    "subtitle_language": "None"
  },
  {
    "actors": "Stephen Fry",
    "director": "Chris Butler",
    "genre": "Comedy",
    "movie_name": "Missing Link",
    "price": "8",
    "subtitle_language": "Spanish"
  },
  {
    "actors": "Holland Taylor",
    "director": "Sebastian Lelio",
    "genre": "Comedy",
    "movie_name": "Gloria Bell",
    "price": "7",
    "subtitle_language": "Mandarin"
  },
  {
    "actors": "Larry Jenkins",
    "director": "Brian De Palma",
    "genre": "Mystery",
    "movie_name": "Body Double",
    "price": "6",
    "subtitle_language": "None"
  },
  {
    "actors": "Gideon Adlon",
    "director": "Laure de Clermont-Tonnerre",
    "genre": "Drama",
    "movie_name": "The Mustang",
    "price": "7",
    "subtitle_language": "English"
  },
  {
    "actors": "Matthias Schoenaerts",
    "director": "Laure de Clermont-Tonnerre",
    "genre": "Drama",
    "movie_name": "The Mustang",
    "price": "4",
    "subtitle_language": "None"
  },
  {
    "actors": "Bess Flowers",
    "director": "Alfred Hitchcock",
    "genre": "Drama",
    "movie_name": "The Man Who Knew Too Much",
    "price": "8",
    "subtitle_language": "Spanish"
  },
  {
    "actors": "Noel Willman",
    "director": "Alfred Hitchcock",
    "genre": "Drama",
    "movie_name": "The Man Who Knew Too Much",
    "price": "3",
    "subtitle_language": "None"
  },
  {
    "actors": "Keshia Knight Pulliam",
    "director": "Michael Schultz",
    "genre": "Action",
    "movie_name": "The Last Dragon",
    "price": "7",
    "subtitle_language": "None"
  },
  {
    "actors": "Mark Seliger",
    "director": "Harry Elfont",
    "genre": "Comedy",
    "movie_name": "Josie and the Pussycats",
    "price": "5",
    "subtitle_language": "None"
  },
  {
    "actors": "Brian Stepanek",
    "director": "Peter Farrelly",
    "genre": "Comedy",
    "movie_name": "Green Book",
    "price": "4",
    "subtitle_language": "None"
  },
  {
    "actors": "Loren Dean",
    "director": "Cameron Crowe",
    "genre": "Romance",
    "movie_name": "Say Anything",
    "price": "4",
    "subtitle_language": "None"
  },
  {
    "actors": "Edd Osmond",
    "director": "Tim Burton",
    "genre": "Fantasy",
    "movie_name": "Dumbo",
    "price": "5",
    "subtitle_language": "None"
  },
  {
    "actors": "Yash Trivedi",
    "director": "Anthony Maras",
    "genre": "Thriller",
    "movie_name": "Hotel Mumbai",
    "price": "3",
    "subtitle_language": "None"
  },
  {
    "actors": "Julia Jenni Karagioules",
    "director": "Kevin Kolsch",
    "genre": "Thriller",
    "movie_name": "Pet Sematary",
    "price": "4",
    "subtitle_language": "None"
  },
  {
    "actors": "Topher Grace",
    "director": "Roxann Dawson",
    "genre": "Biographical",
    "movie_name": "Breakthrough",
    "price": "7",
    "subtitle_language": "None"
  },
  {
    "actors": "Stella Maxwell",
    "director": "Justin Kelly",
    "genre": "Biographical",
    "movie_name": "JT LeRoy",
    "price": "8",
    "subtitle_language": "None"
  },
  {
    "actors": "Dennis Coffey",
    "director": "Malik Bendjelloul",
    "genre": "Biographical",
    "movie_name": "Searching for Sugar Man",
    "price": "5",
    "subtitle_language": "English"
  },
  {
    "actors": "Jack White",
    "director": "Martin Scorsese",
    "genre": "Biographical",
    "movie_name": "Shine a Light",
    "price": "6",
    "subtitle_language": "Mandarin"
  },
  {
    "actors": "Taylor Schilling",
    "director": "Laura Steinel",
    "genre": "Comedy",
    "movie_name": "Family",
    "price": "4",
    "subtitle_language": "None"
  },
  {
    "actors": "Don Hewitt",
    "director": "Iain Softley",
    "genre": "Drama",
    "movie_name": "Hackers",
    "price": "8",
    "subtitle_language": "Spanish"
  },
  {
    "actors": "Alida Baldari Calabria",
    "director": "Matteo Garrone",
    "genre": "Drama",
    "movie_name": "Dogman",
    "price": "3",
    "subtitle_language": "None"
  },
  {
    "actors": "Samuel Larsen",
    "director": "Jenny Gage",
    "genre": "Romance",
    "movie_name": "After",
    "price": "8",
    "subtitle_language": "None"
  },
  {
    "actors": "Jennifer Beals",
    "director": "Jenny Gage",
    "genre": "Romance",
    "movie_name": "After",
    "price": "4",
    "subtitle_language": "English"
  },
  {
    "actors": "Jennifer Badger",
    "director": "Iain Softley",
    "genre": "Drama",
    "movie_name": "Hackers",
    "price": "7",
    "subtitle_language": "Spanish"
  },
  {
    "actors": "Tom Virtue",
    "director": "Peter Farrelly",
    "genre": "Comedy",
    "movie_name": "Green Book",
    "price": "5",
    "subtitle_language": "English"
  },
  {
    "actors": "Nellex Nderitu",
    "director": "Likarion Wainaina",
    "genre": "Drama",
    "movie_name": "Supa Modo",
    "price": "8",
    "subtitle_language": "Mandarin"
  },
  {
    "actors": "Martin Wolfson",
    "director": "Elaine May",
    "genre": "Mafia",
    "movie_name": "Mikey and Nicky",
    "price": "3",
    "subtitle_language": "None"
  },
  {
    "actors": "Andrene Ward-Hammond",
    "director": "Laura Steinel",
    "genre": "Comedy",
    "movie_name": "Family",
    "price": "8",
    "subtitle_language": "Mandarin"
  },
  {
    "actors": "Wes Bentley",
    "director": "Robin Bissell",
    "genre": "Drama",
    "movie_name": "The Best of Enemies",
    "price": "4",
    "subtitle_language": "None"
  },
  {
    "actors": "Alex Gerry",
    "director": "Michael Gordon",
    "genre": "Romance",
    "movie_name": "Pillow Talk",
    "price": "6",
    "subtitle_language": "English"
  },
  {
    "actors": "Ashley Springer",
    "director": "Tom McCarthy",
    "genre": "Romance",
    "movie_name": "The Visitor",
    "price": "4",
    "subtitle_language": "Mandarin"
  },
  {
    "actors": "Ruth Carlson",
    "director": "George Sidney",
    "genre": "Romance",
    "movie_name": "Viva Las Vegas",
    "price": "8",
    "subtitle_language": "None"
  },
  {
    "actors": "Adriana Altaras",
    "director": "Claus Rafle",
    "genre": "Documentary",
    "movie_name": "The Invisibles",
    "price": "3",
    "subtitle_language": "None"
  },
  {
    "actors": "Miguel Munoz Segura",
    "director": "Tim Burton",
    "genre": "Fantasy",
    "movie_name": "Dumbo",
    "price": "4",
    "subtitle_language": "None"
  },
  {
    "actors": "Thomas Haden Church",
    "director": "Neil Marshall",
    "genre": "Fantasy",
    "movie_name": "Hellboy",
    "price": "7",
    "subtitle_language": "None"
  },
  {
    "actors": "Riley Keough",
    "director": "George Miller",
    "genre": "Fantasy",
    "movie_name": "Mad Max: Fury Road",
    "price": "4",
    "subtitle_language": "Mandarin"
  },
  {
    "actors": "Megumi Han",
    "director": "Hiroyasu Ishida",
    "genre": "Fantasy",
    "movie_name": "Penguin Highway",
    "price": "7",
    "subtitle_language": "None"
  },
  {
    "actors": "Mason Lee",
    "director": "Qui Sheng",
    "genre": "Drama",
    "movie_name": "Suburban Birds",
    "price": "6",
    "subtitle_language": "None"
  },
  {
    "actors": "Larry Barton",
    "director": "George Sidney",
    "genre": "Romance",
    "movie_name": "Viva Las Vegas",
    "price": "5",
    "subtitle_language": "English"
  },
  {
    "actors": "Larry Barton",
    "director": "George Sidney",
    "genre": "Romance",
    "movie_name": "Viva Las Vegas",
    "price": "3",
    "subtitle_language": "Spanish"
  },
  {
    "actors": "Jack Daly",
    "director": "Morton DaCosta",
    "genre": "Comedy",
    "movie_name": "Auntie Mame",
    "price": "6",
    "subtitle_language": "English"
  },
  {
    "actors": "Ciera Payton",
    "director": "Tyler Perry",
    "genre": "Comedy",
    "movie_name": "A Madea Family Funeral",
    "price": "8",
    "subtitle_language": "None"
  },
  {
    "actors": "Stycie Waweru",
    "director": "Likarion Wainaina",
    "genre": "Drama",
    "movie_name": "Supa Modo",
    "price": "5",
    "subtitle_language": "None"
  },
  {
    "actors": "Amadeus Strobl",
    "director": "Jenny Gage",
    "genre": "Romance",
    "movie_name": "After",
    "price": "7",
    "subtitle_language": "Spanish"
  },
  {
    "actors": "Sonny Bupp",
    "director": "Orson Welles",
    "genre": "Mystery",
    "movie_name": "Citizen Kane",
    "price": "8",
    "subtitle_language": "None"
  },
  {
    "actors": "Barbara Crampton",
    "director": "Brian De Palma",
    "genre": "Mystery",
    "movie_name": "Body Double",
    "price": "6",
    "subtitle_language": "None"
  },
  {
    "actors": "Dan DiMaggio",
    "director": "Malik Bendjelloul",
    "genre": "Biographical",
    "movie_name": "Searching for Sugar Man",
    "price": "8",
    "subtitle_language": "None"
  },
  {
    "actors": "Michelle Borth",
    "director": "David Sandberg",
    "genre": "Adventure",
    "movie_name": "Shazam!",
    "price": "8",
    "subtitle_language": "English"
  },
  {
    "actors": "Stephen Boxer",
    "director": "Trevor Nunn",
    "genre": "Drama",
    "movie_name": "Red Joan",
    "price": "7",
    "subtitle_language": "None"
  },
  {
    "actors": "Colin Farrell",
    "director": "Tim Burton",
    "genre": "Fantasy",
    "movie_name": "Dumbo",
    "price": "4",
    "subtitle_language": "None"
  },
  {
    "actors": "Jeffrey Sayre",
    "director": "Morton DaCosta",
    "genre": "Comedy",
    "movie_name": "Auntie Mame",
    "price": "7",
    "subtitle_language": "None"
  },
  {
    "actors": "Laura Pizzirani",
    "director": "Matteo Garrone",
    "genre": "Drama",
    "movie_name": "Dogman",
    "price": "5",
    "subtitle_language": "English"
  },
  {
    "actors": "Lena Headey",
    "director": "Stephen Merchant",
    "genre": "Sports",
    "movie_name": "Fighting with My Family",
    "price": "3",
    "subtitle_language": "Mandarin"
  },
  {
    "actors": "Nick Frost",
    "director": "Stephen Merchant",
    "genre": "Sports",
    "movie_name": "Fighting with My Family",
    "price": "6",
    "subtitle_language": "None"
  },
  {
    "actors": "Paul Davis",
    "director": "Morton DaCosta",
    "genre": "Comedy",
    "movie_name": "Auntie Mame",
    "price": "4",
    "subtitle_language": "None"
  },
  {
    "actors": "Harry Fleer",
    "director": "George Sidney",
    "genre": "Romance",
    "movie_name": "Viva Las Vegas",
    "price": "5",
    "subtitle_language": "Spanish"
  },
  {
    "actors": "Penelope Mitchell",
    "director": "Neil Marshall",
    "genre": "Fantasy",
    "movie_name": "Hellboy",
    "price": "8",
    "subtitle_language": "Spanish"
  },
  {
    "actors": "Chris Lovick",
    "director": "Harry Elfont",
    "genre": "Comedy",
    "movie_name": "Josie and the Pussycats",
    "price": "7",
    "subtitle_language": "None"
  },
  {
    "actors": "Matt Walsh",
    "director": "Laura Steinel",
    "genre": "Comedy",
    "movie_name": "Family",
    "price": "3",
    "subtitle_language": "None"
  },
  {
    "actors": "Rome Flynn",
    "director": "Tyler Perry",
    "genre": "Comedy",
    "movie_name": "A Madea Family Funeral",
    "price": "6",
    "subtitle_language": "None"
  },
  {
    "actors": "P. J. Byrne",
    "director": "Peter Farrelly",
    "genre": "Comedy",
    "movie_name": "Green Book",
    "price": "6",
    "subtitle_language": "None"
  },
  {
    "actors": "Doris Day",
    "director": "Michael Gordon",
    "genre": "Romance",
    "movie_name": "Pillow Talk",
    "price": "3",
    "subtitle_language": "Spanish"
  },
  {
    "actors": "Doris Day",
    "director": "Michael Gordon",
    "genre": "Romance",
    "movie_name": "Pillow Talk",
    "price": "7",
    "subtitle_language": "Mandarin"
  },
  {
    "actors": "Stuart Lilley",
    "director": "Harry Elfont",
    "genre": "Comedy",
    "movie_name": "Josie and the Pussycats",
    "price": "6",
    "subtitle_language": "None"
  },
  {
    "actors": "Elsa Palmer",
    "director": "Alfred Hitchcock",
    "genre": "Drama",
    "movie_name": "The Man Who Knew Too Much",
    "price": "5",
    "subtitle_language": "None"
  },
  {
    "actors": "Coral Browne",
    "director": "Morton DaCosta",
    "genre": "Comedy",
    "movie_name": "Auntie Mame",
    "price": "3",
    "subtitle_language": "None"
  },
  {
    "actors": "Missi Pyle",
    "director": "Harry Elfont",
    "genre": "Comedy",
    "movie_name": "Josie and the Pussycats",
    "price": "4",
    "subtitle_language": "English"
  },
  {
    "actors": "Thomas Martin",
    "director": "Morton DaCosta",
    "genre": "Comedy",
    "movie_name": "Auntie Mame",
    "price": "4",
    "subtitle_language": "None"
  },
  {
    "actors": "Dimiter Marinov",
    "director": "Peter Farrelly",
    "genre": "Comedy",
    "movie_name": "Green Book",
    "price": "3",
    "subtitle_language": "None"
  },
  {
    "actors": "Lela Bliss",
    "director": "Morton DaCosta",
    "genre": "Comedy",
    "movie_name": "Auntie Mame",
    "price": "3",
    "subtitle_language": "Mandarin"
  },
  {
    "actors": "Reuben Greene",
    "director": "Elaine May",
    "genre": "Mafia",
    "movie_name": "Mikey and Nicky",
    "price": "6",
    "subtitle_language": "Mandarin"
  },
  {
    "actors": "Ruairi O'Connor",
    "director": "Max Minghella",
    "genre": "Musical",
    "movie_name": "Teen Spirit",
    "price": "8",
    "subtitle_language": "None"
  },
  {
    "actors": "Johnny Myers",
    "director": "Iain Softley",
    "genre": "Drama",
    "movie_name": "Hackers",
    "price": "4",
    "subtitle_language": "Spanish"
  },
  {
    "actors": "Johnny Myers",
    "director": "Iain Softley",
    "genre": "Drama",
    "movie_name": "Hackers",
    "price": "8",
    "subtitle_language": "English"
  },
  {
    "actors": "Mark Lee",
    "director": "Eric Khoo",
    "genre": "Drama",
    "movie_name": "Ramen Shop",
    "price": "8",
    "subtitle_language": "Mandarin"
  },
  {
    "actors": "Bruce Willis",
    "director": "Martin Scorsese",
    "genre": "Biographical",
    "movie_name": "Shine a Light",
    "price": "4",
    "subtitle_language": "Spanish"
  },
  {
    "actors": "Harry Shannon",
    "director": "Orson Welles",
    "genre": "Mystery",
    "movie_name": "Citizen Kane",
    "price": "4",
    "subtitle_language": "Spanish"
  },
  {
    "actors": "Leslie Nielsen",
    "director": "Ronald Neame",
    "genre": "Adventure",
    "movie_name": "The Poseidon Adventure",
    "price": "7",
    "subtitle_language": "None"
  },
  {
    "actors": "Sally Hershberger",
    "director": "Harry Elfont",
    "genre": "Comedy",
    "movie_name": "Josie and the Pussycats",
    "price": "6",
    "subtitle_language": "Spanish"
  },
  {
    "actors": "Bob Hastings",
    "director": "Ronald Neame",
    "genre": "Adventure",
    "movie_name": "The Poseidon Adventure",
    "price": "7",
    "subtitle_language": "None"
  },
  {
    "actors": "Rebecca Staab",
    "director": "Roxann Dawson",
    "genre": "Biographical",
    "movie_name": "Breakthrough",
    "price": "5",
    "subtitle_language": "Mandarin"
  },
  {
    "actors": "Ex-Det. Sergt. Bishop",
    "director": "Alfred Hitchcock",
    "genre": "Crime",
    "movie_name": "Blackmail - Cinemix Par Chloe",
    "price": "4",
    "subtitle_language": "None"
  },
  {
    "actors": "James Stewart",
    "director": "Alfred Hitchcock",
    "genre": "Drama",
    "movie_name": "The Man Who Knew Too Much",
    "price": "3",
    "subtitle_language": "None"
  },
  {
    "actors": "Anna Katharina Schimrigk",
    "director": "James Kent",
    "genre": "War",
    "movie_name": "The Aftermath",
    "price": "4",
    "subtitle_language": "None"
  },
  {
    "actors": "Mahershala Ali",
    "director": "Peter Farrelly",
    "genre": "Comedy",
    "movie_name": "Green Book",
    "price": "7",
    "subtitle_language": "None"
  },
  {
    "actors": "Claire Tran",
    "director": "Claire Denis",
    "genre": "Drama",
    "movie_name": "High Life",
    "price": "5",
    "subtitle_language": "English"
  },
  {
    "actors": "Judith Hofmann",
    "director": "Simon Jaquemet",
    "genre": "Drama",
    "movie_name": "The Innocent",
    "price": "3",
    "subtitle_language": "Mandarin"
  },
  {
    "actors": "Seiko Matsuda",
    "director": "Eric Khoo",
    "genre": "Drama",
    "movie_name": "Ramen Shop",
    "price": "5",
    "subtitle_language": "None"
  },
  {
    "actors": "Quentin Kenihan",
    "director": "George Miller",
    "genre": "Fantasy",
    "movie_name": "Mad Max: Fury Road",
    "price": "7",
    "subtitle_language": "None"
  },
  {
    "actors": "Buddy Guy",
    "director": "Martin Scorsese",
    "genre": "Biographical",
    "movie_name": "Shine a Light",
    "price": "7",
    "subtitle_language": "None"
  },
  {
    "actors": "Wendell Pierce",
    "director": "Iain Softley",
    "genre": "Drama",
    "movie_name": "Hackers",
    "price": "8",
    "subtitle_language": "None"
  },
  {
    "actors": "Tone Bell",
    "director": "Tina Gordon",
    "genre": "Comedy",
    "movie_name": "Little",
    "price": "5",
    "subtitle_language": "Spanish"
  },
  {
    "actors": "Gregory Gaye",
    "director": "Morton DaCosta",
    "genre": "Comedy",
    "movie_name": "Auntie Mame",
    "price": "7",
    "subtitle_language": "None"
  },
  {
    "actors": "Giancarlo Porcacchia",
    "director": "Matteo Garrone",
    "genre": "Drama",
    "movie_name": "Dogman",
    "price": "6",
    "subtitle_language": "Spanish"
  },
  {
    "actors": "Michael Buffer",
    "director": "Tim Burton",
    "genre": "Fantasy",
    "movie_name": "Dumbo",
    "price": "7",
    "subtitle_language": "None"
  },
  {
    "actors": "Shira Haas",
    "director": "Garth Davis",
    "genre": "Drama",
    "movie_name": "Mary Magdalene",
    "price": "7",
    "subtitle_language": "None"
  },
  {
    "actors": "Samuel L. Jackson",
    "director": "Anna Boden",
    "genre": "Adventure",
    "movie_name": "Captain Marvel",
    "price": "6",
    "subtitle_language": "English"
  },
  {
    "actors": "Enuka Okuma",
    "director": "Harry Elfont",
    "genre": "Comedy",
    "movie_name": "Josie and the Pussycats",
    "price": "5",
    "subtitle_language": "English"
  },
  {
    "actors": "Enuka Okuma",
    "director": "Harry Elfont",
    "genre": "Comedy",
    "movie_name": "Josie and the Pussycats",
    "price": "8",
    "subtitle_language": "Mandarin"
  },
  {
    "actors": "Lee Patrick",
    "director": "Michael Gordon",
    "genre": "Romance",
    "movie_name": "Pillow Talk",
    "price": "4",
    "subtitle_language": "Mandarin"
  },
  {
    "actors": "Milton Frome",
    "director": "Alfred Hitchcock",
    "genre": "Drama",
    "movie_name": "The Man Who Knew Too Much",
    "price": "7",
    "subtitle_language": "None"
  },
  {
    "actors": "Shayn Solberg",
    "director": "Harry Elfont",
    "genre": "Comedy",
    "movie_name": "Josie and the Pussycats",
    "price": "6",
    "subtitle_language": "None"
  },
  {
    "actors": "Claude de Martino",
    "director": "Harry Elfont",
    "genre": "Comedy",
    "movie_name": "Josie and the Pussycats",
    "price": "8",
    "subtitle_language": "None"
  },
  {
    "actors": "Kevin Bergsma",
    "director": "Harry Elfont",
    "genre": "Comedy",
    "movie_name": "Josie and the Pussycats",
    "price": "8",
    "subtitle_language": "Spanish"
  },
  {
    "actors": "David Brown",
    "director": "Justin Kelly",
    "genre": "Biographical",
    "movie_name": "JT LeRoy",
    "price": "8",
    "subtitle_language": "English"
  },
  {
    "actors": "Robert Kazinsky",
    "director": "Anna Boden",
    "genre": "Adventure",
    "movie_name": "Captain Marvel",
    "price": "3",
    "subtitle_language": "None"
  },
  {
    "actors": "Selma Blair",
    "director": "Jenny Gage",
    "genre": "Romance",
    "movie_name": "After",
    "price": "3",
    "subtitle_language": "Spanish"
  },
  {
    "actors": "Randall Park",
    "director": "Jonathan Levine",
    "genre": "Comedy",
    "movie_name": "Long Shot",
    "price": "3",
    "subtitle_language": "None"
  },
  {
    "actors": "Alexis Bobrinskoy",
    "director": "Alfred Hitchcock",
    "genre": "Drama",
    "movie_name": "The Man Who Knew Too Much",
    "price": "8",
    "subtitle_language": "Mandarin"
  },
  {
    "actors": "Laurence Herder",
    "director": "Stanley Kubrick",
    "genre": "Comedy",
    "movie_name": "Dr. Strangelove",
    "price": "3",
    "subtitle_language": "Mandarin"
  },
  {
    "actors": "Vince Pisani",
    "director": "Tina Gordon",
    "genre": "Comedy",
    "movie_name": "Little",
    "price": "7",
    "subtitle_language": "None"
  },
  {
    "actors": "Jeanette Aw",
    "director": "Eric Khoo",
    "genre": "Drama",
    "movie_name": "Ramen Shop",
    "price": "3",
    "subtitle_language": "English"
  },
  {
    "actors": "Jeanette Aw",
    "director": "Eric Khoo",
    "genre": "Drama",
    "movie_name": "Ramen Shop",
    "price": "5",
    "subtitle_language": "Spanish"
  }
]