[
  {
    "genre": "Sci-fi",
    "starring": "Stephen Powers",
    "subtitle_language": "English",
    "title": "Close Encounters of the Third Kind"
  },
  {
    "genre": "Comedy",
    "starring": "Alexander Calvert",
    "subtitle_language": "English",
    "title": "Good Boys"
  },
  {
    "genre": "Fantasy",
    "starring": "Liv Tyler",
    "subtitle_language": "Hindi",
    "title": "The Lord of the Rings: The Return of the King"
  },
  {
    "genre": "Animation",
    "starring": "Britta Steffenhagen",
    "subtitle_language": "English",
    "title": "The Angry Birds Movie 2"
  },
  {
    "genre": "Mystery",
    "starring": "Adam Bakri",
    "subtitle_language": "English",
    "title": "Official Secrets"
  },
  {
    "genre": "Action",
    "starring": "Antonio Bustorff",
    "subtitle_language": "English",
    "title": "Angel Has Fallen"
  },
  {
    "genre": "Drama",
    "starring": "Keke Palmer",
    "subtitle_language": "Spanish",
    "title": "Hustlers"
  },
  {
    "genre": "Family",
    "starring": "James Wlcek",
    "subtitle_language": "English",
    "title": "Steel Magnolias"
  },
  {
    "genre": "Fantasy",
    "starring": "Elijah Wood",
    "subtitle_language": "English",
    "title": "The Lord of the Rings: The Return of the King"
  },
  {
    "genre": "War",
    "starring": "Marko Grba Singh",
    "subtitle_language": "French",
    "title": "The Load"
  },
  {
    "genre": "Family",
    "starring": "Zhao Shuzhen",
    "subtitle_language": "English",
    "title": "The Farewell"
  },
  {
    "genre": "Comedy",
    "starring": "Nalneesh Neel",
    "subtitle_language": "English",
    "title": "Chhichhore"
  },
  {
    "genre": "Cult",
    "starring": "Tim Roth",
    "subtitle_language": "Spanish",
    "title": "Pulp Fiction"
  },
  {
    "genre": "World",
    "starring": "Carlos Defeo",
    "subtitle_language": "French",
    "title": "Zama"
  },
  {
    "genre": "Drama",
    "starring": "Doris McCarthy",
    "subtitle_language": "Spanish",
    "title": "After The Wedding"
  },
  {
    "genre": "Drama",
    "starring": "Viveik Kalra",
    "subtitle_language": "Hindi",
    "title": "Blinded by the Light"
  },
  {
    "genre": "Comedy",
    "starring": "Naveen Polishetty",
    "subtitle_language": "Spanish",
    "title": "Chhichhore"
  },
  {
    "genre": "Action",
    "starring": "Chris Browning",
    "subtitle_language": "Spanish",
    "title": "Angel Has Fallen"
  },
  {
    "genre": "Cult",
    "starring": "Don Blakely",
    "subtitle_language": "Hindi",
    "title": "Pulp Fiction"
  },
  {
    "genre": "Offbeat",
    "starring": "Margaret Qualley",
    "subtitle_language": "Spanish",
    "title": "Once Upon a Time In Hollywood"
  },
  {
    "genre": "War",
    "starring": "Branislav Ciric",
    "subtitle_language": "Hindi",
    "title": "The Load"
  },
  {
    "genre": "Thriller",
    "starring": "Phoebe Hodgson",
    "subtitle_language": "Spanish",
    "title": "The Ladykillers"
  },
  {
    "genre": "Documentary",
    "starring": "Sheldon Harnick",
    "subtitle_language": "English",
    "title": "Fiddler: A Miracle of Miracles"
  },
  {
    "genre": "Family",
    "starring": "Sandra Asbury-Johnson",
    "subtitle_language": "French",
    "title": "Steel Magnolias"
  },
  {
    "genre": "Offbeat",
    "starring": "Maya Hawke",
    "subtitle_language": "Hindi",
    "title": "Once Upon a Time In Hollywood"
  },
  {
    "genre": "Horror",
    "starring": "Diana Dors",
    "subtitle_language": "French",
    "title": "Theatre of Blood"
  },
  {
    "genre": "Offbeat",
    "starring": "Timothy Olyphant",
    "subtitle_language": "English",
    "title": "Once Upon a Time In Hollywood"
  },
  {
    "genre": "Animation",
    "starring": "Maya Rudolph",
    "subtitle_language": "Hindi",
    "title": "The Angry Birds Movie 2"
  },
  {
    "genre": "Thriller",
    "starring": "Leonard Sharp",
    "subtitle_language": "English",
    "title": "The Ladykillers"
  },
  {
    "genre": "Animation",
    "starring": "Flea",
    "subtitle_language": "French",
    "title": "Toy Story 4"
  },
  {
    "genre": "Animation",
    "starring": "Tony Hale",
    "subtitle_language": "English",
    "title": "Toy Story 4"
  },
  {
    "genre": "Drama",
    "starring": "Meera Ganatra",
    "subtitle_language": "English",
    "title": "Blinded by the Light"
  },
  {
    "genre": "Mystery",
    "starring": "Chris Larkin",
    "subtitle_language": "Spanish",
    "title": "Official Secrets"
  },
  {
    "genre": "Comedy",
    "starring": "Kate McKinnon",
    "subtitle_language": "English",
    "title": "Yesterday"
  },
  {
    "genre": "Documentary",
    "starring": "Harvey Fierstein",
    "subtitle_language": "French",
    "title": "Fiddler: A Miracle of Miracles"
  },
  {
    "genre": "Comedy",
    "starring": "Will Forte",
    "subtitle_language": "French",
    "title": "Good Boys"
  },
  {
    "genre": "Mystery",
    "starring": "Andrea Bang",
    "subtitle_language": "English",
    "title": "Luce"
  },
  {
    "genre": "Horror",
    "starring": "Ian Hendry",
    "subtitle_language": "French",
    "title": "Theatre of Blood"
  },
  {
    "genre": "Drama",
    "starring": "Katharine Hepburn",
    "subtitle_language": "French",
    "title": "Stage Door"
  },
  {
    "genre": "Drama",
    "starring": "Bakary Sangare",
    "subtitle_language": "English",
    "title": "A Faithful Man"
  },
  {
    "genre": "Drama",
    "starring": "Jillian Bell",
    "subtitle_language": "English",
    "title": "Brittany Runs a Marathon"
  },
  {
    "genre": "Drama",
    "starring": "Jon Glaser",
    "subtitle_language": "French",
    "title": "Hustlers"
  },
  {
    "genre": "Drama",
    "starring": "Javier Bardem",
    "subtitle_language": "English",
    "title": "Live Flesh"
  },
  {
    "genre": "Drama",
    "starring": "Jack Sterner",
    "subtitle_language": "French",
    "title": "Overcomer"
  },
  {
    "genre": "Drama",
    "starring": "Jack Carson",
    "subtitle_language": "Spanish",
    "title": "Stage Door"
  },
  {
    "genre": "Drama",
    "starring": "Karen Holness",
    "subtitle_language": "Spanish",
    "title": "The Art of Racing in the Rain"
  },
  {
    "genre": "Drama",
    "starring": "Xabiani Ponce de Leon",
    "subtitle_language": "Spanish",
    "title": "This Is Not Berlin"
  },
  {
    "genre": "Drama",
    "starring": "Will Chase",
    "subtitle_language": "English",
    "title": "After The Wedding"
  },
  {
    "genre": "Sci-fi",
    "starring": "Jamie Kennedy",
    "subtitle_language": "English",
    "title": "Ad Astra"
  },
  {
    "genre": "Sci-fi",
    "starring": "Richard L. Hawkins",
    "subtitle_language": "Spanish",
    "title": "Close Encounters of the Third Kind"
  },
  {
    "genre": "Comedy",
    "starring": "Prashant Narayanan",
    "subtitle_language": "French",
    "title": "Chhichhore"
  },
  {
    "genre": "Comedy",
    "starring": "Sushant Singh Rajput",
    "subtitle_language": "Hindi",
    "title": "Chhichhore"
  },
  {
    "genre": "Comedy",
    "starring": "Andrea Martin",
    "subtitle_language": "English",
    "title": "My Big Fat Greek Wedding"
  },
  {
    "genre": "Comedy",
    "starring": "James Urbaniak",
    "subtitle_language": "Spanish",
    "title": "Where'd You Go, Bernadette"
  },
  {
    "genre": "Offbeat",
    "starring": "Rebecca Gayheart",
    "subtitle_language": "English",
    "title": "Once Upon a Time In Hollywood"
  },
  {
    "genre": "Musical",
    "starring": "Jakob Dylan",
    "subtitle_language": "French",
    "title": "Echo In The Canyon"
  },
  {
    "genre": "Musical",
    "starring": "Jakob Dylan",
    "subtitle_language": "Spanish",
    "title": "Echo In The Canyon"
  },
  {
    "genre": "Drama",
    "starring": "Margaret Early",
    "subtitle_language": "Hindi",
    "title": "Stage Door"
  },
  {
    "genre": "Drama",
    "starring": "Margaret Early",
    "subtitle_language": "English",
    "title": "Stage Door"
  },
  {
    "genre": "Fantasy",
    "starring": "Ron Mueck",
    "subtitle_language": "English",
    "title": "Labyrinth"
  },
  {
    "genre": "Thriller",
    "starring": "Leland Orser",
    "subtitle_language": "English",
    "title": "The Art of Self-Defense"
  },
  {
    "genre": "Thriller",
    "starring": "Leland Orser",
    "subtitle_language": "Hindi",
    "title": "The Art of Self-Defense"
  },
  {
    "genre": "Fantasy",
    "starring": "Lawrence Makoare",
    "subtitle_language": "English",
    "title": "The Lord of the Rings: The Return of the King"
  },
  {
    "genre": "Fantasy",
    "starring": "Shelley Thompson",
    "subtitle_language": "English",
    "title": "Labyrinth"
  },
  {
    "genre": "Fantasy",
    "starring": "Shelley Thompson",
    "subtitle_language": "French",
    "title": "Labyrinth"
  },
  {
    "genre": "Family",
    "starring": "Ronald Young",
    "subtitle_language": "English",
    "title": "Steel Magnolias"
  },
  {
    "genre": "Comedy",
    "starring": "Varun Sharma",
    "subtitle_language": "French",
    "title": "Chhichhore"
  },
  {
    "genre": "Horror",
    "starring": "Gil Bellows",
    "subtitle_language": "Spanish",
    "title": "Scary Stories to Tell in the Dark"
  },
  {
    "genre": "Horror",
    "starring": "Gil Bellows",
    "subtitle_language": "English",
    "title": "Scary Stories to Tell in the Dark"
  },
  {
    "genre": "Drama",
    "starring": "Alex Esola",
    "subtitle_language": "Hindi",
    "title": "After The Wedding"
  },
  {
    "genre": "Thriller",
    "starring": "Helena Howard",
    "subtitle_language": "Hindi",
    "title": "Madeline's Madeline"
  },
  {
    "genre": "Thriller",
    "starring": "Rudy Chernicoff",
    "subtitle_language": "French",
    "title": "Rojo"
  },
  {
    "genre": "Thriller",
    "starring": "Jason Burkey",
    "subtitle_language": "Hindi",
    "title": "The Art of Self-Defense"
  },
  {
    "genre": "Mystery",
    "starring": "Keira Knightley",
    "subtitle_language": "French",
    "title": "Official Secrets"
  },
  {
    "genre": "Mystery",
    "starring": "Keira Knightley",
    "subtitle_language": "Hindi",
    "title": "Official Secrets"
  },
  {
    "genre": "Comedy",
    "starring": "Megan Mullally",
    "subtitle_language": "English",
    "title": "Where'd You Go, Bernadette"
  },
  {
    "genre": "Animation",
    "starring": "Peter Dinklage",
    "subtitle_language": "English",
    "title": "The Angry Birds Movie 2"
  },
  {
    "genre": "World",
    "starring": "Yaniv Biton",
    "subtitle_language": "Hindi",
    "title": "Tel Aviv on Fire"
  },
  {
    "genre": "Anime",
    "starring": "Shinichiro Ohta",
    "subtitle_language": "English",
    "title": "Paprika"
  },
  {
    "genre": "Fantasy",
    "starring": "Ian McKellen",
    "subtitle_language": "Hindi",
    "title": "The Lord of the Rings: The Return of the King"
  },
  {
    "genre": "Fantasy",
    "starring": "Ian McKellen",
    "subtitle_language": "English",
    "title": "The Lord of the Rings: The Return of the King"
  },
  {
    "genre": "Comedy",
    "starring": "Brady Noon",
    "subtitle_language": "Hindi",
    "title": "Good Boys"
  },
  {
    "genre": "Thriller",
    "starring": "Rafael Federman",
    "subtitle_language": "Spanish",
    "title": "Rojo"
  },
  {
    "genre": "Fantasy",
    "starring": "John Bach",
    "subtitle_language": "English",
    "title": "The Lord of the Rings: The Return of the King"
  },
  {
    "genre": "Fantasy",
    "starring": "Sala Baker",
    "subtitle_language": "English",
    "title": "The Lord of the Rings: The Return of the King"
  },
  {
    "genre": "Horror",
    "starring": "Fatma Mohamed",
    "subtitle_language": "English",
    "title": "In Fabric"
  },
  {
    "genre": "Comedy-drama",
    "starring": "Daria Ekamasova",
    "subtitle_language": "Spanish",
    "title": "Give Me Liberty"
  },
  {
    "genre": "Comedy-drama",
    "starring": "Chris Galust",
    "subtitle_language": "English",
    "title": "Give Me Liberty"
  },
  {
    "genre": "Thriller",
    "starring": "Andrea Frigerio",
    "subtitle_language": "Hindi",
    "title": "Rojo"
  },
  {
    "genre": "Animation",
    "starring": "John Schwab",
    "subtitle_language": "Hindi",
    "title": "The Angry Birds Movie 2"
  },
  {
    "genre": "Animation",
    "starring": "John Schwab",
    "subtitle_language": "English",
    "title": "The Angry Birds Movie 2"
  },
  {
    "genre": "War",
    "starring": "Pavle Cemerikic",
    "subtitle_language": "English",
    "title": "The Load"
  },
  {
    "genre": "Drama",
    "starring": "Lizzo",
    "subtitle_language": "French",
    "title": "Hustlers"
  },
  {
    "genre": "Drama",
    "starring": "Lizzo",
    "subtitle_language": "English",
    "title": "Hustlers"
  },
  {
    "genre": "Offbeat",
    "starring": "Inbal Amirav",
    "subtitle_language": "Hindi",
    "title": "Once Upon a Time In Hollywood"
  },
  {
    "genre": "Horror",
    "starring": "Arthur Lowe",
    "subtitle_language": "English",
    "title": "Theatre of Blood"
  },
  {
    "genre": "Mystery",
    "starring": "Christopher Mann",
    "subtitle_language": "Hindi",
    "title": "Luce"
  },
  {
    "genre": "Action",
    "starring": "Nick Nolte",
    "subtitle_language": "Hindi",
    "title": "Angel Has Fallen"
  },
  {
    "genre": "Action",
    "starring": "Helena Holmes",
    "subtitle_language": "English",
    "title": "Hobbs and Shaw"
  },
  {
    "genre": "Action",
    "starring": "Mohan Kapoor",
    "subtitle_language": "English",
    "title": "Mission Mangal"
  },
  {
    "genre": "Action",
    "starring": "Alexandre Bourgeois",
    "subtitle_language": "Spanish",
    "title": "Riot Girls"
  },
  {
    "genre": "Action",
    "starring": "Prabhas",
    "subtitle_language": "French",
    "title": "Saaho"
  },
  {
    "genre": "Action",
    "starring": "Stephanie Vogt",
    "subtitle_language": "English",
    "title": "Hobbs and Shaw"
  },
  {
    "genre": "Family",
    "starring": "Travis Harrison",
    "subtitle_language": "French",
    "title": "Steel Magnolias"
  },
  {
    "genre": "Family",
    "starring": "Travis Harrison",
    "subtitle_language": "English",
    "title": "Steel Magnolias"
  },
  {
    "genre": "Horror",
    "starring": "Michael Garza",
    "subtitle_language": "Hindi",
    "title": "Scary Stories to Tell in the Dark"
  },
  {
    "genre": "Animation",
    "starring": "Bill Hader",
    "subtitle_language": "Spanish",
    "title": "The Angry Birds Movie 2"
  },
  {
    "genre": "Fantasy",
    "starring": "Bret McKenzie",
    "subtitle_language": "French",
    "title": "The Lord of the Rings: The Return of the King"
  },
  {
    "genre": "Fantasy",
    "starring": "Bret McKenzie",
    "subtitle_language": "English",
    "title": "The Lord of the Rings: The Return of the King"
  },
  {
    "genre": "Supernatural",
    "starring": "Owen Teague",
    "subtitle_language": "English",
    "title": "IT Chapter Two"
  },
  {
    "genre": "Cult",
    "starring": "Quentin Tarantino",
    "subtitle_language": "English",
    "title": "Pulp Fiction"
  },
  {
    "genre": "Horror",
    "starring": "Davi Santos",
    "subtitle_language": "Spanish",
    "title": "47 Meters Down: Uncaged"
  },
  {
    "genre": "Horror",
    "starring": "Hayley Squires",
    "subtitle_language": "Hindi",
    "title": "In Fabric"
  },
  {
    "genre": "Horror",
    "starring": "William Jackson Harper",
    "subtitle_language": "English",
    "title": "Midsommar"
  },
  {
    "genre": "Horror",
    "starring": "Manabu Hosoi",
    "subtitle_language": "Spanish",
    "title": "One Cut of the Dead"
  },
  {
    "genre": "Horror",
    "starring": "Lorraine Toussaint",
    "subtitle_language": "French",
    "title": "Scary Stories to Tell in the Dark"
  },
  {
    "genre": "Comedy",
    "starring": "Emma Nelson",
    "subtitle_language": "Hindi",
    "title": "Where'd You Go, Bernadette"
  },
  {
    "genre": "Horror",
    "starring": "Dean Norris",
    "subtitle_language": "Hindi",
    "title": "Scary Stories to Tell in the Dark"
  },
  {
    "genre": "Horror",
    "starring": "Dean Norris",
    "subtitle_language": "English",
    "title": "Scary Stories to Tell in the Dark"
  },
  {
    "genre": "Comedy",
    "starring": "Ellise Chappell",
    "subtitle_language": "English",
    "title": "Yesterday"
  },
  {
    "genre": "Drama",
    "starring": "Alex Kendrick",
    "subtitle_language": "English",
    "title": "Overcomer"
  },
  {
    "genre": "Thriller",
    "starring": "Davey Johnson",
    "subtitle_language": "English",
    "title": "The Art of Self-Defense"
  },
  {
    "genre": "World",
    "starring": "Nadim Sawalha",
    "subtitle_language": "English",
    "title": "Tel Aviv on Fire"
  },
  {
    "genre": "Animation",
    "starring": "Christina-Ann Zalamea",
    "subtitle_language": "English",
    "title": "The Angry Birds Movie 2"
  },
  {
    "genre": "Drama",
    "starring": "Dali Benssalah",
    "subtitle_language": "Hindi",
    "title": "A Faithful Man"
  },
  {
    "genre": "Horror",
    "starring": "Julia Ragnarsson",
    "subtitle_language": "English",
    "title": "Midsommar"
  },
  {
    "genre": "Drama",
    "starring": "Dan Bittner",
    "subtitle_language": "Hindi",
    "title": "Brittany Runs a Marathon"
  },
  {
    "genre": "Animation",
    "starring": "Lori Alan",
    "subtitle_language": "Spanish",
    "title": "Toy Story 4"
  },
  {
    "genre": "Drama",
    "starring": "Dan Bittner",
    "subtitle_language": "English",
    "title": "Brittany Runs a Marathon"
  },
  {
    "genre": "Fantasy",
    "starring": "Timothy Bateson",
    "subtitle_language": "French",
    "title": "Labyrinth"
  },
  {
    "genre": "Sci-fi",
    "starring": "Bobby Nish",
    "subtitle_language": "Spanish",
    "title": "Ad Astra"
  },
  {
    "genre": "Thriller",
    "starring": "Jack Melford",
    "subtitle_language": "Spanish",
    "title": "The Ladykillers"
  },
  {
    "genre": "Action",
    "starring": "Morgan Freeman",
    "subtitle_language": "English",
    "title": "Angel Has Fallen"
  },
  {
    "genre": "Action",
    "starring": "Sharman Joshi",
    "subtitle_language": "Hindi",
    "title": "Mission Mangal"
  },
  {
    "genre": "Comedy",
    "starring": "Vanessa Przada",
    "subtitle_language": "Spanish",
    "title": "Good Boys"
  },
  {
    "genre": "Sci-fi",
    "starring": "James Keane",
    "subtitle_language": "English",
    "title": "Close Encounters of the Third Kind"
  },
  {
    "genre": "Animation",
    "starring": "Christoph Maria Herbst",
    "subtitle_language": "English",
    "title": "The Angry Birds Movie 2"
  },
  {
    "genre": "Thriller",
    "starring": "Mara Bestelli",
    "subtitle_language": "English",
    "title": "Rojo"
  },
  {
    "genre": "Cult",
    "starring": "Bronagh Gallagher",
    "subtitle_language": "Spanish",
    "title": "Pulp Fiction"
  },
  {
    "genre": "Cult",
    "starring": "Bronagh Gallagher",
    "subtitle_language": "English",
    "title": "Pulp Fiction"
  },
  {
    "genre": "Sci-fi",
    "starring": "Gene Rader",
    "subtitle_language": "English",
    "title": "Close Encounters of the Third Kind"
  },
  {
    "genre": "Mystery",
    "starring": "Matt Smith",
    "subtitle_language": "English",
    "title": "Official Secrets"
  },
  {
    "genre": "Offbeat",
    "starring": "Madisen Beaty",
    "subtitle_language": "Spanish",
    "title": "Once Upon a Time In Hollywood"
  },
  {
    "genre": "Horror",
    "starring": "Louise Peterhoff",
    "subtitle_language": "French",
    "title": "Midsommar"
  },
  {
    "genre": "Drama",
    "starring": "Ryan Kiera Armstrong",
    "subtitle_language": "Hindi",
    "title": "The Art of Racing in the Rain"
  },
  {
    "genre": "Family",
    "starring": "Gale J. Odom",
    "subtitle_language": "English",
    "title": "Steel Magnolias"
  },
  {
    "genre": "Action",
    "starring": "Darren Eisnor",
    "subtitle_language": "French",
    "title": "Riot Girls"
  },
  {
    "genre": "Documentary",
    "starring": "Calvin Trillin",
    "subtitle_language": "Hindi",
    "title": "Fiddler: A Miracle of Miracles"
  },
  {
    "genre": "Fantasy",
    "starring": "Warwick Davis",
    "subtitle_language": "Hindi",
    "title": "Labyrinth"
  },
  {
    "genre": "Mystery",
    "starring": "Shaun Dooley",
    "subtitle_language": "Spanish",
    "title": "Official Secrets"
  },
  {
    "genre": "Family",
    "starring": "Dylan McDermott",
    "subtitle_language": "French",
    "title": "Steel Magnolias"
  },
  {
    "genre": "Thriller",
    "starring": "Cecil Parker",
    "subtitle_language": "Hindi",
    "title": "The Ladykillers"
  },
  {
    "genre": "Comedy",
    "starring": "Lil Rel Howery",
    "subtitle_language": "Hindi",
    "title": "Good Boys"
  },
  {
    "genre": "Drama",
    "starring": "Lil Rel Howery",
    "subtitle_language": "English",
    "title": "Brittany Runs a Marathon"
  },
  {
    "genre": "Sci-fi",
    "starring": "Kirk Raymond",
    "subtitle_language": "Hindi",
    "title": "Close Encounters of the Third Kind"
  },
  {
    "genre": "Mystery",
    "starring": "Monica Dolan",
    "subtitle_language": "English",
    "title": "Official Secrets"
  },
  {
    "genre": "Sci-fi",
    "starring": "Cy Young",
    "subtitle_language": "English",
    "title": "Close Encounters of the Third Kind"
  },
  {
    "genre": "Drama",
    "starring": "Grady Sutton",
    "subtitle_language": "Spanish",
    "title": "Stage Door"
  },
  {
    "genre": "Drama",
    "starring": "Adam Sietz",
    "subtitle_language": "Spanish",
    "title": "Brittany Runs a Marathon"
  },
  {
    "genre": "Cult",
    "starring": "John Travolta",
    "subtitle_language": "English",
    "title": "Pulp Fiction"
  },
  {
    "genre": "Cult",
    "starring": "Brad Parker",
    "subtitle_language": "English",
    "title": "Pulp Fiction"
  },
  {
    "genre": "Cult",
    "starring": "Bruce Willis",
    "subtitle_language": "French",
    "title": "Pulp Fiction"
  },
  {
    "genre": "Musical",
    "starring": "Michelle Phillips",
    "subtitle_language": "English",
    "title": "Echo In The Canyon"
  },
  {
    "genre": "Drama",
    "starring": "Julia Stiles",
    "subtitle_language": "English",
    "title": "Hustlers"
  },
  {
    "genre": "Action",
    "starring": "Piper Perabo",
    "subtitle_language": "English",
    "title": "Angel Has Fallen"
  },
  {
    "genre": "Supernatural",
    "starring": "James Ransone",
    "subtitle_language": "English",
    "title": "IT Chapter Two"
  },
  {
    "genre": "Thriller",
    "starring": "Katie Johnson",
    "subtitle_language": "English",
    "title": "The Ladykillers"
  },
  {
    "genre": "Drama",
    "starring": "Brandon Keener",
    "subtitle_language": "English",
    "title": "Hustlers"
  },
  {
    "genre": "Drama",
    "starring": "Trace Lysette",
    "subtitle_language": "Spanish",
    "title": "Hustlers"
  },
  {
    "genre": "Family",
    "starring": "Betsy Widhalm",
    "subtitle_language": "English",
    "title": "Steel Magnolias"
  },
  {
    "genre": "Family",
    "starring": "Betsy Widhalm",
    "subtitle_language": "French",
    "title": "Steel Magnolias"
  },
  {
    "genre": "Fantasy",
    "starring": "Frank Oz",
    "subtitle_language": "Hindi",
    "title": "Labyrinth"
  },
  {
    "genre": "Comedy-drama",
    "starring": "Michelle Caspar",
    "subtitle_language": "English",
    "title": "Give Me Liberty"
  },
  {
    "genre": "Action",
    "starring": "Purab Kohli",
    "subtitle_language": "Spanish",
    "title": "Mission Mangal"
  },
  {
    "genre": "Thriller",
    "starring": "Madge Brindley",
    "subtitle_language": "English",
    "title": "The Ladykillers"
  },
  {
    "genre": "Horror",
    "starring": "Gwendoline Christie",
    "subtitle_language": "English",
    "title": "In Fabric"
  },
  {
    "genre": "Drama",
    "starring": "Mette Towley",
    "subtitle_language": "Hindi",
    "title": "Hustlers"
  },
  {
    "genre": "Drama",
    "starring": "Madeline Brewer",
    "subtitle_language": "French",
    "title": "Hustlers"
  },
  {
    "genre": "Cult",
    "starring": "Phil LaMarr",
    "subtitle_language": "Hindi",
    "title": "Pulp Fiction"
  },
  {
    "genre": "World",
    "starring": "Ula Tabari",
    "subtitle_language": "Hindi",
    "title": "Tel Aviv on Fire"
  },
  {
    "genre": "World",
    "starring": "Ula Tabari",
    "subtitle_language": "English",
    "title": "Tel Aviv on Fire"
  },
  {
    "genre": "Sci-fi",
    "starring": "Donnie Keshawarz",
    "subtitle_language": "Hindi",
    "title": "Ad Astra"
  },
  {
    "genre": "Sci-fi",
    "starring": "Donnie Keshawarz",
    "subtitle_language": "English",
    "title": "Ad Astra"
  },
  {
    "genre": "Comedy",
    "starring": "Ana de Armas",
    "subtitle_language": "Hindi",
    "title": "Yesterday"
  },
  {
    "genre": "Comedy",
    "starring": "Claudia Doumit",
    "subtitle_language": "English",
    "title": "Where'd You Go, Bernadette"
  },
  {
    "genre": "Sci-fi",
    "starring": "Roberts Blossom",
    "subtitle_language": "English",
    "title": "Close Encounters of the Third Kind"
  },
  {
    "genre": "Horror",
    "starring": "Florence Pugh",
    "subtitle_language": "Spanish",
    "title": "Midsommar"
  },
  {
    "genre": "Drama",
    "starring": "Samuel S. Hinds",
    "subtitle_language": "French",
    "title": "Stage Door"
  },
  {
    "genre": "Drama",
    "starring": "Samuel S. Hinds",
    "subtitle_language": "English",
    "title": "Stage Door"
  },
  {
    "genre": "Musical",
    "starring": "Roger McGuinn",
    "subtitle_language": "English",
    "title": "Echo In The Canyon"
  },
  {
    "genre": "Musical",
    "starring": "Graham Nash",
    "subtitle_language": "Spanish",
    "title": "Echo In The Canyon"
  },
  {
    "genre": "Horror",
    "starring": "Michael Hordern",
    "subtitle_language": "English",
    "title": "Theatre of Blood"
  },
  {
    "genre": "Animation",
    "starring": "Blake Clark",
    "subtitle_language": "Hindi",
    "title": "Toy Story 4"
  },
  {
    "genre": "Comedy",
    "starring": "Camilla Rutherford",
    "subtitle_language": "Spanish",
    "title": "Yesterday"
  },
  {
    "genre": "Comedy",
    "starring": "Camilla Rutherford",
    "subtitle_language": "English",
    "title": "Yesterday"
  },
  {
    "genre": "Horror",
    "starring": "Bjorn Andresen",
    "subtitle_language": "French",
    "title": "Midsommar"
  },
  {
    "genre": "Anime",
    "starring": "Koichi Yamadera",
    "subtitle_language": "English",
    "title": "Paprika"
  },
  {
    "genre": "Fantasy",
    "starring": "Peter Jackson",
    "subtitle_language": "English",
    "title": "The Lord of the Rings: The Return of the King"
  },
  {
    "genre": "Fantasy",
    "starring": "Peter Jackson",
    "subtitle_language": "Hindi",
    "title": "The Lord of the Rings: The Return of the King"
  },
  {
    "genre": "World",
    "starring": "Amer Hlehel",
    "subtitle_language": "English",
    "title": "Tel Aviv on Fire"
  },
  {
    "genre": "World",
    "starring": "Nahuel Cano",
    "subtitle_language": "English",
    "title": "Zama"
  },
  {
    "genre": "Family",
    "starring": "Debbie McCann",
    "subtitle_language": "English",
    "title": "Steel Magnolias"
  },
  {
    "genre": "Horror",
    "starring": "Brianne Tju",
    "subtitle_language": "English",
    "title": "47 Meters Down: Uncaged"
  },
  {
    "genre": "Comedy",
    "starring": "Lee Eisenberg",
    "subtitle_language": "English",
    "title": "Good Boys"
  },
  {
    "genre": "Comedy",
    "starring": "Lee Eisenberg",
    "subtitle_language": "French",
    "title": "Good Boys"
  },
  {
    "genre": "Drama",
    "starring": "Emilio Cuaik",
    "subtitle_language": "Spanish",
    "title": "This Is Not Berlin"
  },
  {
    "genre": "Mystery",
    "starring": "Stro",
    "subtitle_language": "English",
    "title": "Luce"
  },
  {
    "genre": "Offbeat",
    "starring": "Mikey Madison",
    "subtitle_language": "French",
    "title": "Once Upon a Time In Hollywood"
  },
  {
    "genre": "Fantasy",
    "starring": "David Shaughnessy",
    "subtitle_language": "English",
    "title": "Labyrinth"
  },
  {
    "genre": "Tragedy",
    "starring": "Paola Lara",
    "subtitle_language": "Hindi",
    "title": "Tigers Are Not Afraid"
  },
  {
    "genre": "Tragedy",
    "starring": "Hanssel Casillas",
    "subtitle_language": "English",
    "title": "Tigers Are Not Afraid"
  },
  {
    "genre": "Action",
    "starring": "Mahesh Manjrekar",
    "subtitle_language": "Spanish",
    "title": "Saaho"
  },
  {
    "genre": "Anime",
    "starring": "Anri Katsu",
    "subtitle_language": "English",
    "title": "Paprika"
  },
  {
    "genre": "Cult",
    "starring": "Ani Sava",
    "subtitle_language": "English",
    "title": "Pulp Fiction"
  },
  {
    "genre": "Drama",
    "starring": "Meera Ganatra",
    "subtitle_language": "Hindi",
    "title": "Blinded by the Light"
  },
  {
    "genre": "Anime",
    "starring": "Katsunosuke Hori",
    "subtitle_language": "Spanish",
    "title": "Paprika"
  },
  {
    "genre": "Family",
    "starring": "Carol Sutton",
    "subtitle_language": "Spanish",
    "title": "Steel Magnolias"
  },
  {
    "genre": "Family",
    "starring": "Carol Sutton",
    "subtitle_language": "English",
    "title": "Steel Magnolias"
  },
  {
    "genre": "Cult",
    "starring": "Samuel L. Jackson",
    "subtitle_language": "English",
    "title": "Pulp Fiction"
  },
  {
    "genre": "Cult",
    "starring": "Samuel L. Jackson",
    "subtitle_language": "French",
    "title": "Pulp Fiction"
  },
  {
    "genre": "Fantasy",
    "starring": "David Aston",
    "subtitle_language": "English",
    "title": "The Lord of the Rings: The Return of the King"
  },
  {
    "genre": "Action",
    "starring": "Roman Reigns",
    "subtitle_language": "French",
    "title": "Hobbs and Shaw"
  },
  {
    "genre": "Drama",
    "starring": "Abby Quinn",
    "subtitle_language": "French",
    "title": "After The Wedding"
  },
  {
    "genre": "Drama",
    "starring": "Aliza Vellani",
    "subtitle_language": "English",
    "title": "The Art of Racing in the Rain"
  },
  {
    "genre": "Drama",
    "starring": "Constance Wu",
    "subtitle_language": "Hindi",
    "title": "Hustlers"
  },
  {
    "genre": "Comedy",
    "starring": "Kate McKinnon",
    "subtitle_language": "French",
    "title": "Yesterday"
  },
  {
    "genre": "Cult",
    "starring": "Christopher Walken",
    "subtitle_language": "English",
    "title": "Pulp Fiction"
  },
  {
    "genre": "Cult",
    "starring": "Christopher Walken",
    "subtitle_language": "Hindi",
    "title": "Pulp Fiction"
  },
  {
    "genre": "Cult",
    "starring": "Eric Clark",
    "subtitle_language": "Hindi",
    "title": "Pulp Fiction"
  },
  {
    "genre": "Sci-fi",
    "starring": "Norman Bartold",
    "subtitle_language": "Hindi",
    "title": "Close Encounters of the Third Kind"
  },
  {
    "genre": "Cult",
    "starring": "Peter Greene",
    "subtitle_language": "English",
    "title": "Pulp Fiction"
  },
  {
    "genre": "Drama",
    "starring": "Adam Sietz",
    "subtitle_language": "English",
    "title": "Brittany Runs a Marathon"
  },
  {
    "genre": "Animation",
    "starring": "Thurop Van Orman",
    "subtitle_language": "Hindi",
    "title": "The Angry Birds Movie 2"
  },
  {
    "genre": "Fantasy",
    "starring": "Sean Astin",
    "subtitle_language": "English",
    "title": "The Lord of the Rings: The Return of the King"
  },
  {
    "genre": "Thriller",
    "starring": "Edie Martin",
    "subtitle_language": "English",
    "title": "The Ladykillers"
  },
  {
    "genre": "Horror",
    "starring": "Caroline Catz",
    "subtitle_language": "English",
    "title": "In Fabric"
  },
  {
    "genre": "Supernatural",
    "starring": "Ari Cohen",
    "subtitle_language": "Spanish",
    "title": "IT Chapter Two"
  },
  {
    "genre": "Supernatural",
    "starring": "Ari Cohen",
    "subtitle_language": "English",
    "title": "IT Chapter Two"
  },
  {
    "genre": "Supernatural",
    "starring": "Javier Botet",
    "subtitle_language": "English",
    "title": "IT Chapter Two"
  },
  {
    "genre": "Horror",
    "starring": "Dennis Price",
    "subtitle_language": "Spanish",
    "title": "Theatre of Blood"
  },
  {
    "genre": "Action",
    "starring": "Joseph Millson",
    "subtitle_language": "English",
    "title": "Angel Has Fallen"
  },
  {
    "genre": "Fantasy",
    "starring": "Ian Holm",
    "subtitle_language": "Hindi",
    "title": "The Lord of the Rings: The Return of the King"
  },
  {
    "genre": "Fantasy",
    "starring": "Ian Holm",
    "subtitle_language": "English",
    "title": "The Lord of the Rings: The Return of the King"
  },
  {
    "genre": "Comedy",
    "starring": "Ed Sheeran",
    "subtitle_language": "English",
    "title": "Yesterday"
  },
  {
    "genre": "Comedy",
    "starring": "Ed Sheeran",
    "subtitle_language": "Spanish",
    "title": "Yesterday"
  },
  {
    "genre": "Family",
    "starring": "Roger D. McCann",
    "subtitle_language": "Spanish",
    "title": "Steel Magnolias"
  },
  {
    "genre": "Family",
    "starring": "Daryl Hannah",
    "subtitle_language": "Hindi",
    "title": "Steel Magnolias"
  },
  {
    "genre": "Animation",
    "starring": "Tom Hanks",
    "subtitle_language": "English",
    "title": "Toy Story 4"
  },
  {
    "genre": "Fantasy",
    "starring": "Anthony Jackson",
    "subtitle_language": "English",
    "title": "Labyrinth"
  },
  {
    "genre": "Horror",
    "starring": "Isabelle Grill",
    "subtitle_language": "French",
    "title": "Midsommar"
  },
  {
    "genre": "Fantasy",
    "starring": "Francis Wright",
    "subtitle_language": "Hindi",
    "title": "Labyrinth"
  },
  {
    "genre": "Fantasy",
    "starring": "Francis Wright",
    "subtitle_language": "English",
    "title": "Labyrinth"
  },
  {
    "genre": "World",
    "starring": "Daniel Veronese",
    "subtitle_language": "English",
    "title": "Zama"
  },
  {
    "genre": "Thriller",
    "starring": "Alessandro Nivola",
    "subtitle_language": "French",
    "title": "The Art of Self-Defense"
  },
  {
    "genre": "World",
    "starring": "Maisa Abd Elhadi",
    "subtitle_language": "French",
    "title": "Tel Aviv on Fire"
  },
  {
    "genre": "World",
    "starring": "Maisa Abd Elhadi",
    "subtitle_language": "English",
    "title": "Tel Aviv on Fire"
  },
  {
    "genre": "World",
    "starring": "Ashraf Farah",
    "subtitle_language": "English",
    "title": "Tel Aviv on Fire"
  },
  {
    "genre": "World",
    "starring": "Ashraf Farah",
    "subtitle_language": "Hindi",
    "title": "Tel Aviv on Fire"
  },
  {
    "genre": "Animation",
    "starring": "Kristen Schaal",
    "subtitle_language": "Spanish",
    "title": "Toy Story 4"
  },
  {
    "genre": "Animation",
    "starring": "Kristen Schaal",
    "subtitle_language": "English",
    "title": "Toy Story 4"
  },
  {
    "genre": "Drama",
    "starring": "Frankie Fox",
    "subtitle_language": "Spanish",
    "title": "Blinded by the Light"
  },
  {
    "genre": "Cult",
    "starring": "Michael Gilden",
    "subtitle_language": "French",
    "title": "Pulp Fiction"
  },
  {
    "genre": "Cult",
    "starring": "Devan Richardson",
    "subtitle_language": "English",
    "title": "Pulp Fiction"
  },
  {
    "genre": "Sci-fi",
    "starring": "Justin Dreyfuss",
    "subtitle_language": "French",
    "title": "Close Encounters of the Third Kind"
  },
  {
    "genre": "Sci-fi",
    "starring": "Brad Pitt",
    "subtitle_language": "Spanish",
    "title": "Ad Astra"
  },
  {
    "genre": "Anime",
    "starring": "Kumiko Izumi",
    "subtitle_language": "French",
    "title": "Paprika"
  },
  {
    "genre": "Horror",
    "starring": "Robert Coote",
    "subtitle_language": "Spanish",
    "title": "Theatre of Blood"
  },
  {
    "genre": "Horror",
    "starring": "Harumi Shuhama",
    "subtitle_language": "French",
    "title": "One Cut of the Dead"
  },
  {
    "genre": "Offbeat",
    "starring": "Rebecca Rittenhouse",
    "subtitle_language": "Hindi",
    "title": "Once Upon a Time In Hollywood"
  },
  {
    "genre": "Family",
    "starring": "Tom Hodges",
    "subtitle_language": "English",
    "title": "Steel Magnolias"
  },
  {
    "genre": "Drama",
    "starring": "Mikey Day",
    "subtitle_language": "English",
    "title": "Brittany Runs a Marathon"
  },
  {
    "genre": "Horror",
    "starring": "Javier Botet",
    "subtitle_language": "Hindi",
    "title": "Scary Stories to Tell in the Dark"
  },
  {
    "genre": "Drama",
    "starring": "Vladislav Galard",
    "subtitle_language": "Spanish",
    "title": "A Faithful Man"
  },
  {
    "genre": "Sci-fi",
    "starring": "Bill Thurman",
    "subtitle_language": "Spanish",
    "title": "Close Encounters of the Third Kind"
  },
  {
    "genre": "Family",
    "starring": "Julia Roberts",
    "subtitle_language": "Spanish",
    "title": "Steel Magnolias"
  },
  {
    "genre": "Family",
    "starring": "Tzi Ma",
    "subtitle_language": "English",
    "title": "The Farewell"
  },
  {
    "genre": "Comedy",
    "starring": "Shishir Sharma",
    "subtitle_language": "French",
    "title": "Chhichhore"
  },
  {
    "genre": "Offbeat",
    "starring": "Brenda Vaccaro",
    "subtitle_language": "French",
    "title": "Once Upon a Time In Hollywood"
  },
  {
    "genre": "Horror",
    "starring": "Milo O'Shea",
    "subtitle_language": "Spanish",
    "title": "Theatre of Blood"
  },
  {
    "genre": "Drama",
    "starring": "Kulvinder Ghir",
    "subtitle_language": "English",
    "title": "Blinded by the Light"
  },
  {
    "genre": "Drama",
    "starring": "Micah Stock",
    "subtitle_language": "English",
    "title": "Brittany Runs a Marathon"
  },
  {
    "genre": "Animation",
    "starring": "Leslie Jones",
    "subtitle_language": "Hindi",
    "title": "The Angry Birds Movie 2"
  },
  {
    "genre": "Drama",
    "starring": "Patch Darragh",
    "subtitle_language": "Hindi",
    "title": "Brittany Runs a Marathon"
  },
  {
    "genre": "Supernatural",
    "starring": "Jeremy Ray Taylor",
    "subtitle_language": "English",
    "title": "IT Chapter Two"
  },
  {
    "genre": "Fantasy",
    "starring": "Natalie Finland",
    "subtitle_language": "Spanish",
    "title": "Labyrinth"
  },
  {
    "genre": "Drama",
    "starring": "Vincent Andriano",
    "subtitle_language": "Hindi",
    "title": "Blinded by the Light"
  }
]