[
  {
    "contact_name": "Olivia",
    "location": "3810 Mowry Avenue"
  },
  {
    "contact_name": "Alice",
    "location": "2221 South Shore Center"
  },
  {
    "contact_name": "Brenda",
    "location": "2160 South Bascom Avenue"
  },
  {
    "contact_name": "Kathryn",
    "location": "1532 20th Street"
  },
  {
    "contact_name": "Louis",
    "location": "2737 20th Street"
  },
  {
    "contact_name": "Emily",
    "location": "2556 Telegraph Avenue #4"
  },
  {
    "contact_name": "Jason",
    "location": "Theatre Deli - Deli Bar & Rehearsal Studios"
  },
  {
    "contact_name": "Bruce",
    "location": "Big Apple Circus"
  },
  {
    "contact_name": "Steven",
    "location": "1216 South Abel Street"
  },
  {
    "contact_name": "Lauren",
    "location": "Sutro Baths"
  },
  {
    "contact_name": "Joseph",
    "location": "325 Sharon Park Drive Ste F-2"
  },
  {
    "contact_name": "James",
    "location": "Covington Way"
  },
  {
    "contact_name": "Madison",
    "location": "2737 20th Street"
  },
  {
    "contact_name": "Joe",
    "location": "1186 South 2nd Street"
  },
  {
    "contact_name": "Patricia",
    "location": "4801 Telegraph Avenue"
  },
  {
    "contact_name": "Melissa",
    "location": "2589 Main Street"
  },
  {
    "contact_name": "Peter",
    "location": "Tao Tao"
  },
  {
    "contact_name": "Randy",
    "location": "2260 Palm Avenue"
  },
  {
    "contact_name": "Donald",
    "location": "1047 Lincoln Highway suite 101"
  },
  {
    "contact_name": "Hannah",
    "location": "5371 Mowry Avenue"
  },
  {
    "contact_name": "Donna",
    "location": "German Spy Museum"
  },
  {
    "contact_name": "Elizabeth",
    "location": "2260 Palm Avenue"
  },
  {
    "contact_name": "Edward",
    "location": "1532 20th Street"
  },
  {
    "contact_name": "Albert",
    "location": "1532 20th Street"
  },
  {
    "contact_name": "Sean",
    "location": "2305 Camino Ramon #202"
  },
  {
    "contact_name": "Johnny",
    "location": "2240 North Texas Street"
  },
  {
    "contact_name": "Emma",
    "location": "1880 Solano Avenue"
  },
  {
    "contact_name": "Jeremy",
    "location": "20686 Homestead Road"
  },
  {
    "contact_name": "Amanda",
    "location": "Rich Mix"
  },
  {
    "contact_name": "Joyce",
    "location": "67 Broadway"
  },
  {
    "contact_name": "Mary",
    "location": "20686 Homestead Road"
  },
  {
    "contact_name": "Richard",
    "location": "1047 Lincoln Highway suite 101"
  },
  {
    "contact_name": "Betty",
    "location": "6493 Portola Drive"
  },
  {
    "contact_name": "Melissa",
    "location": "1637 Lincoln Avenue"
  },
  {
    "contact_name": "Jessica",
    "location": "40 Millwood Street"
  },
  {
    "contact_name": "Raymond",
    "location": "613 Cabot Way"
  },
  {
    "contact_name": "Albert",
    "location": "Kuya's Asian Cuisine"
  },
  {
    "contact_name": "Betty",
    "location": "15824 Hesperian Blvd"
  },
  {
    "contact_name": "Andrew",
    "location": "2425 California Street # C"
  },
  {
    "contact_name": "Nicole",
    "location": "255 North 1st Street"
  },
  {
    "contact_name": "Brandon",
    "location": "Plumed Horse"
  },
  {
    "contact_name": "Gerald",
    "location": "5154 Mowry Avenue"
  },
  {
    "contact_name": "Jack",
    "location": "1012 Oak Grove Avenue"
  },
  {
    "contact_name": "Lawrence",
    "location": "208 Redwood Avenue"
  },
  {
    "contact_name": "Abigail",
    "location": "40 Millwood Street"
  },
  {
    "contact_name": "Thomas",
    "location": "2425 California Street # C"
  },
  {
    "contact_name": "Terry",
    "location": "Park Lane Apartments"
  },
  {
    "contact_name": "Randy",
    "location": "4550 Tassajara Road"
  },
  {
    "contact_name": "Linda",
    "location": "939 Edgewater Boulevard E"
  },
  {
    "contact_name": "Kathryn",
    "location": "JFK International Airport"
  },
  {
    "contact_name": "Kimberly",
    "location": "1174 Solano Avenue"
  },
  {
    "contact_name": "Nancy",
    "location": "450 East El Camino Real"
  },
  {
    "contact_name": "Joyce",
    "location": "855 El Camino Real Building #1 Suite #3"
  },
  {
    "contact_name": "John",
    "location": "15 Fiesta Lane"
  },
  {
    "contact_name": "Christopher",
    "location": "1047 Lincoln Highway suite 101"
  },
  {
    "contact_name": "Raymond",
    "location": "408 14th Street"
  },
  {
    "contact_name": "Joshua",
    "location": "1532 20th Street"
  },
  {
    "contact_name": "Megan",
    "location": "620 Main Street"
  },
  {
    "contact_name": "Douglas",
    "location": "3734 West Belmont Avenue"
  },
  {
    "contact_name": "Sarah",
    "location": "1047 Lincoln Highway suite 101"
  },
  {
    "contact_name": "Evelyn",
    "location": "1532 20th Street"
  },
  {
    "contact_name": "Sara",
    "location": "25 Kentucky Street"
  },
  {
    "contact_name": "Grace",
    "location": "12221 San Pablo Avenue"
  },
  {
    "contact_name": "Bruce",
    "location": "15 Fiesta Lane"
  },
  {
    "contact_name": "Alan",
    "location": "450 East El Camino Real"
  },
  {
    "contact_name": "Billy",
    "location": "1047 Lincoln Highway suite 101"
  },
  {
    "contact_name": "Noah",
    "location": "The Van Buren"
  },
  {
    "contact_name": "Edward",
    "location": "Mojo Theatre"
  },
  {
    "contact_name": "Larry",
    "location": "California Arts Academy"
  },
  {
    "contact_name": "Virginia",
    "location": "12th Avenue Arts"
  },
  {
    "contact_name": "Helen",
    "location": "August Hall"
  },
  {
    "contact_name": "Kyle",
    "location": "Talent to aMuse Theatre Co"
  },
  {
    "contact_name": "Jose",
    "location": "Stage Door Repertory Theatre"
  },
  {
    "contact_name": "Nicholas",
    "location": "Dearing Acting Studio"
  },
  {
    "contact_name": "Rachel",
    "location": "Mojo Theatre"
  },
  {
    "contact_name": "Keith",
    "location": "The Fillmore Philadelphia"
  },
  {
    "contact_name": "Eugene",
    "location": "Theatre Raymond Kabbaz"
  },
  {
    "contact_name": "Louis",
    "location": "Upright Citizens Brigade Sunset"
  },
  {
    "contact_name": "Ethan",
    "location": "Newmark Theatre"
  },
  {
    "contact_name": "Douglas",
    "location": "Discovery Park"
  },
  {
    "contact_name": "Raymond",
    "location": "Crossroads at House of Blues Anaheim"
  },
  {
    "contact_name": "Jacob",
    "location": "Stage Door Repertory Theatre"
  },
  {
    "contact_name": "Judy",
    "location": "Discovery Park"
  },
  {
    "contact_name": "Kathryn",
    "location": "Shoe Box Theater"
  },
  {
    "contact_name": "Natalie",
    "location": "Rainbow Ballroom"
  },
  {
    "contact_name": "Andrea",
    "location": "Cal Coast Credit Union Amphitheater"
  },
  {
    "contact_name": "Christian",
    "location": "Stage Door Repertory Theatre"
  },
  {
    "contact_name": "Emma",
    "location": "The Artistic Home"
  },
  {
    "contact_name": "Brittany",
    "location": "Crossroads at House of Blues Anaheim"
  },
  {
    "contact_name": "Austin",
    "location": "12th Avenue Arts"
  },
  {
    "contact_name": "Abigail",
    "location": "California Arts Academy"
  },
  {
    "contact_name": "Ann",
    "location": "Upright Citizens Brigade Sunset"
  },
  {
    "contact_name": "Walter",
    "location": "Dearing Acting Studio"
  },
  {
    "contact_name": "Alan",
    "location": "San Francisco Symphony"
  },
  {
    "contact_name": "Pamela",
    "location": "The Artistic Home"
  },
  {
    "contact_name": "Beverly",
    "location": "Discovery Park"
  },
  {
    "contact_name": "Emma",
    "location": "Cal Coast Credit Union Amphitheater"
  },
  {
    "contact_name": "Jesse",
    "location": "Stage Door Repertory Theatre"
  },
  {
    "contact_name": "Bryan",
    "location": "Chop Shop"
  },
  {
    "contact_name": "Bruce",
    "location": "Cal Coast Credit Union Amphitheater"
  },
  {
    "contact_name": "Kathleen",
    "location": "Studio C Artists"
  },
  {
    "contact_name": "Victoria",
    "location": "12th Avenue Arts"
  },
  {
    "contact_name": "Rachel",
    "location": "Studio C Artists"
  },
  {
    "contact_name": "Donald",
    "location": "520 8th Ave. - Personal Valet Parking"
  },
  {
    "contact_name": "Ralph",
    "location": "Chop Shop"
  },
  {
    "contact_name": "Barbara",
    "location": "Stage Door Repertory Theatre"
  },
  {
    "contact_name": "Sophia",
    "location": "The Artistic Home"
  },
  {
    "contact_name": "Olivia",
    "location": "Mojo Theatre"
  },
  {
    "contact_name": "John",
    "location": "243 O'Farrell Street"
  },
  {
    "contact_name": "Grace",
    "location": "Dulles International Airport"
  },
  {
    "contact_name": "Mary",
    "location": "KLIA International Airport"
  },
  {
    "contact_name": "Nicholas",
    "location": "PHL International Airport"
  },
  {
    "contact_name": "Kenneth",
    "location": "1971 San Pablo Avenue"
  },
  {
    "contact_name": "William",
    "location": "2180 Third Street"
  },
  {
    "contact_name": "Judy",
    "location": "5945 Almaden Expressway #150"
  },
  {
    "contact_name": "Donald",
    "location": "1690 Locust Street"
  },
  {
    "contact_name": "Charles",
    "location": "Clayton Valley"
  },
  {
    "contact_name": "Alan",
    "location": "16 Mint Plaza"
  },
  {
    "contact_name": "Logan",
    "location": "7377 Saint Helena Highway"
  },
  {
    "contact_name": "Anthony",
    "location": "1890 West San Carlos Street"
  },
  {
    "contact_name": "Juan",
    "location": "1760 Polk Street"
  },
  {
    "contact_name": "Joe",
    "location": "JFK International Airport"
  },
  {
    "contact_name": "Harold",
    "location": "443 Emerson Street"
  },
  {
    "contact_name": "Keith",
    "location": "16 Mint Plaza"
  },
  {
    "contact_name": "Nancy",
    "location": "JFK International Airport"
  },
  {
    "contact_name": "Carol",
    "location": "Portland Bus Station"
  },
  {
    "contact_name": "Jacob",
    "location": "1355 Broadway"
  },
  {
    "contact_name": "Heather",
    "location": "968 Ralston Avenue"
  },
  {
    "contact_name": "Abigail",
    "location": "3912 MacArthur Boulevard"
  },
  {
    "contact_name": "Michael",
    "location": "1655 Post Street"
  },
  {
    "contact_name": "Stephen",
    "location": "King Street Station"
  },
  {
    "contact_name": "Jean",
    "location": "Downtown"
  },
  {
    "contact_name": "Bobby",
    "location": "2203 Loveridge Road"
  },
  {
    "contact_name": "Brittany",
    "location": "16250 East 14th Street"
  },
  {
    "contact_name": "Roger",
    "location": "524 Van Ness Avenue"
  },
  {
    "contact_name": "Linda",
    "location": "Union Station"
  },
  {
    "contact_name": "Matthew",
    "location": "Orly International Airport"
  },
  {
    "contact_name": "Samuel",
    "location": "2241 First Street"
  },
  {
    "contact_name": "Jean",
    "location": "Gatwick International Airport"
  },
  {
    "contact_name": "Walter",
    "location": "Estacion Buenavista"
  },
  {
    "contact_name": "Billy",
    "location": "Union Plaza"
  },
  {
    "contact_name": "Henry",
    "location": "2212 North Texas Street"
  },
  {
    "contact_name": "Elizabeth",
    "location": "Sky Harbor International Airport"
  },
  {
    "contact_name": "Maria",
    "location": "Heathrow International Airport"
  },
  {
    "contact_name": "Theresa",
    "location": "Peachtree Station"
  },
  {
    "contact_name": "Roger",
    "location": "9900 Sonoma Highway"
  },
  {
    "contact_name": "Melissa",
    "location": "Jomo Kenyatta International Airport"
  },
  {
    "contact_name": "Catherine",
    "location": "115 De Anza Boulevard"
  },
  {
    "contact_name": "Amy",
    "location": "1306 Saratoga Avenue"
  },
  {
    "contact_name": "Lauren",
    "location": "1754 Polk Street"
  },
  {
    "contact_name": "Vincent",
    "location": "Benito Juarez International Airport"
  },
  {
    "contact_name": "Deborah",
    "location": "PHL International Airport"
  },
  {
    "contact_name": "Victoria",
    "location": "Heathrow International Airport"
  },
  {
    "contact_name": "Keith",
    "location": "960 Moraga Road #1"
  },
  {
    "contact_name": "Roy",
    "location": "940 Blossom Hill Road"
  },
  {
    "contact_name": "Justin",
    "location": "Market Broiler Fremont"
  },
  {
    "contact_name": "Peter",
    "location": "2190 Bancroft Way"
  },
  {
    "contact_name": "Frank",
    "location": "139 South B Street"
  },
  {
    "contact_name": "Douglas",
    "location": "16 Mint Plaza"
  },
  {
    "contact_name": "Sarah",
    "location": "Downtown"
  },
  {
    "contact_name": "Anna",
    "location": "1460 Halford Avenue"
  },
  {
    "contact_name": "Edward",
    "location": "16 Mint Plaza"
  },
  {
    "contact_name": "Keith",
    "location": "17385 Monterey Road"
  },
  {
    "contact_name": "Samuel",
    "location": "640 Hegenberger Road"
  },
  {
    "contact_name": "Rebecca",
    "location": "900 Meadowood Lane"
  },
  {
    "contact_name": "Shirley",
    "location": "Heathrow International Airport"
  },
  {
    "contact_name": "Carolyn",
    "location": "120 Marina Drive"
  },
  {
    "contact_name": "Willie",
    "location": "1599 Sanchez Street"
  },
  {
    "contact_name": "Theresa",
    "location": "Indira Gandhi International Airport"
  },
  {
    "contact_name": "Virginia",
    "location": "3082 Marlow Road"
  },
  {
    "contact_name": "Alexis",
    "location": "McCarran International Airport"
  },
  {
    "contact_name": "Ronald",
    "location": "Heathrow International Airport"
  },
  {
    "contact_name": "Alice",
    "location": "Staten Island Children's Museum"
  },
  {
    "contact_name": "Dorothy",
    "location": "Benito Juarez International Airport"
  },
  {
    "contact_name": "Judith",
    "location": "O'Hare International Airport"
  },
  {
    "contact_name": "Patricia",
    "location": "Heathrow International Airport"
  },
  {
    "contact_name": "Richard",
    "location": "Cognacq-Jay Museum"
  },
  {
    "contact_name": "Scott",
    "location": "Maurizio's"
  },
  {
    "contact_name": "Walter",
    "location": "Fresno Station"
  },
  {
    "contact_name": "Alan",
    "location": "Estacion Buenavista"
  },
  {
    "contact_name": "Kevin",
    "location": "Air And Space Museum"
  },
  {
    "contact_name": "Emily",
    "location": "Mendoza's Restaurant"
  },
  {
    "contact_name": "William",
    "location": "Alte Nationalgalerie"
  },
  {
    "contact_name": "Joseph",
    "location": "Heathrow International Airport"
  },
  {
    "contact_name": "Ryan",
    "location": "Santa Fe Depot"
  },
  {
    "contact_name": "Thomas",
    "location": "30 St Mary Axe (The Gherkin)"
  },
  {
    "contact_name": "Katherine",
    "location": "American Church in Paris"
  },
  {
    "contact_name": "Kimberly",
    "location": "30 St Mary Axe (The Gherkin)"
  },
  {
    "contact_name": "Beverly",
    "location": "Cars Land"
  },
  {
    "contact_name": "Judy",
    "location": "Center for Contemporary Art Ujazdowski Castle"
  },
  {
    "contact_name": "Christian",
    "location": "Aquarium of the Bay"
  },
  {
    "contact_name": "Cynthia",
    "location": "Al-Farooq Masjid"
  },
  {
    "contact_name": "Emma",
    "location": "Heathrow International Airport"
  },
  {
    "contact_name": "Nathan",
    "location": "Arte Carrillo Gil Museum"
  },
  {
    "contact_name": "Johnny",
    "location": "Indira Gandhi International Airport"
  },
  {
    "contact_name": "Nicole",
    "location": "Heathrow International Airport"
  },
  {
    "contact_name": "Bruce",
    "location": "Fleet Science Center"
  },
  {
    "contact_name": "Jennifer",
    "location": "O'Hare International Airport"
  },
  {
    "contact_name": "Judy",
    "location": "Angels Flight Railway"
  },
  {
    "contact_name": "Janet",
    "location": "9/11 Tribute Museum"
  },
  {
    "contact_name": "Jordan",
    "location": "Orly International Airport"
  },
  {
    "contact_name": "Julia",
    "location": "ANZ Stadium"
  },
  {
    "contact_name": "Lawrence",
    "location": "Port Authority Station"
  },
  {
    "contact_name": "Bryan",
    "location": "King Street Station"
  },
  {
    "contact_name": "Margaret",
    "location": "Santa Fe Depot"
  },
  {
    "contact_name": "Theresa",
    "location": "Alte Nationalgalerie"
  },
  {
    "contact_name": "Lori",
    "location": "30 St Mary Axe (The Gherkin)"
  },
  {
    "contact_name": "Jessica",
    "location": "Angels Flight Railway"
  },
  {
    "contact_name": "Denise",
    "location": "Madison Square Park"
  },
  {
    "contact_name": "Bobby",
    "location": "Lake Terrace Apartments"
  },
  {
    "contact_name": "Jacqueline",
    "location": "Alley Pond Park"
  },
  {
    "contact_name": "Natalie",
    "location": "9/11 Tribute Museum"
  },
  {
    "contact_name": "Amber",
    "location": "Admiralty Arch"
  },
  {
    "contact_name": "Matthew",
    "location": "9/11 Tribute Museum"
  },
  {
    "contact_name": "Emily",
    "location": "KLIA International Airport"
  },
  {
    "contact_name": "Aaron",
    "location": "Alte Nationalgalerie"
  },
  {
    "contact_name": "Sharon",
    "location": "Alte Nationalgalerie"
  },
  {
    "contact_name": "Timothy",
    "location": "360 CHICAGO"
  },
  {
    "contact_name": "Emily",
    "location": "30 St Mary Axe (The Gherkin)"
  },
  {
    "contact_name": "Nathan",
    "location": "30 St Mary Axe (The Gherkin)"
  },
  {
    "contact_name": "Matthew",
    "location": "King Street Station"
  },
  {
    "contact_name": "Linda",
    "location": "Alexandra Palace"
  },
  {
    "contact_name": "Logan",
    "location": "Port Authority Station"
  },
  {
    "contact_name": "Harold",
    "location": "ANZ Stadium"
  },
  {
    "contact_name": "Kimberly",
    "location": "Alley Pond Park"
  },
  {
    "contact_name": "Nancy",
    "location": "BODY WORLDS London"
  },
  {
    "contact_name": "Sean",
    "location": "951 Pomona Avenue"
  },
  {
    "contact_name": "Elizabeth",
    "location": "JFK International Airport"
  },
  {
    "contact_name": "Kayla",
    "location": "SAN International Airport"
  },
  {
    "contact_name": "Thomas",
    "location": "Heathrow International Airport"
  },
  {
    "contact_name": "Victoria",
    "location": "Apsley House"
  },
  {
    "contact_name": "Richard",
    "location": "Heathrow International Airport"
  },
  {
    "contact_name": "Rose",
    "location": "JFK International Airport"
  },
  {
    "contact_name": "Steven",
    "location": "Aga Khan Museum"
  },
  {
    "contact_name": "Lauren",
    "location": "Toronto Pearson International Airport"
  },
  {
    "contact_name": "Jacob",
    "location": "Air And Space Museum"
  },
  {
    "contact_name": "Eric",
    "location": "Arte Carrillo Gil Museum"
  },
  {
    "contact_name": "Dennis",
    "location": "Toronto Pearson International Airport"
  },
  {
    "contact_name": "Alan",
    "location": "Cent Quatre"
  },
  {
    "contact_name": "Nicholas",
    "location": "Alcatraz"
  },
  {
    "contact_name": "Danielle",
    "location": "8 Kenneth Rexroth Place"
  },
  {
    "contact_name": "Brittany",
    "location": "LAX International Airport"
  },
  {
    "contact_name": "Paul",
    "location": "Toronto Pearson International Airport"
  },
  {
    "contact_name": "Christopher",
    "location": "2225 Sharon Road"
  },
  {
    "contact_name": "Dylan",
    "location": "978 Almaden Lake Drive"
  },
  {
    "contact_name": "Kimberly",
    "location": "1475 167th Avenue"
  },
  {
    "contact_name": "Frances",
    "location": "416 Boynton Avenue"
  },
  {
    "contact_name": "Thomas",
    "location": "10944 San Pablo Avenue # 800"
  },
  {
    "contact_name": "Juan",
    "location": "1901 Shore Line Drive"
  },
  {
    "contact_name": "Russell",
    "location": "73 North Keeble Avenue"
  },
  {
    "contact_name": "Jonathan",
    "location": "199 Aegean Way"
  },
  {
    "contact_name": "Melissa",
    "location": "1600 Buchanan Road"
  },
  {
    "contact_name": "Ann",
    "location": "611 Enterprise Drive"
  },
  {
    "contact_name": "Philip",
    "location": "1550 Valley Glen Drive"
  },
  {
    "contact_name": "Johnny",
    "location": "25100 Cypress Avenue"
  },
  {
    "contact_name": "Terry",
    "location": "2355 Fairfield Avenue"
  },
  {
    "contact_name": "Lori",
    "location": "1546 Maurice Lane"
  },
  {
    "contact_name": "Adam",
    "location": "1275 Central Boulevard"
  },
  {
    "contact_name": "Sophia",
    "location": "5643 Charlotte Way"
  },
  {
    "contact_name": "Jacob",
    "location": "1059 Reed Avenue"
  },
  {
    "contact_name": "Danielle",
    "location": "16530 Monterey Road"
  },
  {
    "contact_name": "Nicole",
    "location": "660 Gail Avenue"
  },
  {
    "contact_name": "Jerry",
    "location": "613 Cabot Way"
  },
  {
    "contact_name": "Walter",
    "location": "301 Country View Lane # A"
  },
  {
    "contact_name": "Charles",
    "location": "Leasing Office, 6600 Montecito Boulevard"
  },
  {
    "contact_name": "Sandra",
    "location": "555 East El Camino Real"
  },
  {
    "contact_name": "Lauren",
    "location": "859 University Avenue"
  },
  {
    "contact_name": "Larry",
    "location": "199 Aegean Way"
  },
  {
    "contact_name": "Janice",
    "location": "1688 Clayton Road"
  },
  {
    "contact_name": "Patrick",
    "location": "3500 Pennsylvania Avenue # 101"
  },
  {
    "contact_name": "Emma",
    "location": "1059 Reed Avenue"
  },
  {
    "contact_name": "Terry",
    "location": "5005 Montoya Avenue"
  },
  {
    "contact_name": "Margaret",
    "location": "3820 Park Boulevard"
  },
  {
    "contact_name": "Amy",
    "location": "100 Devon Avenue"
  },
  {
    "contact_name": "Frank",
    "location": "1282 Mattox Road"
  },
  {
    "contact_name": "Samantha",
    "location": "1241 Arnold Drive"
  },
  {
    "contact_name": "Andrea",
    "location": "240 Kottinger Drive"
  },
  {
    "contact_name": "Joseph",
    "location": "1633 Marina Court"
  },
  {
    "contact_name": "James",
    "location": "3500 Pennsylvania Avenue # 101"
  },
  {
    "contact_name": "Ruth",
    "location": "25173 Cypress Avenue"
  },
  {
    "contact_name": "Carol",
    "location": "4656 Quigg Drive"
  },
  {
    "contact_name": "Frank",
    "location": "1546 Maurice Lane"
  },
  {
    "contact_name": "Helen",
    "location": "20667 Forge Way"
  },
  {
    "contact_name": "Bryan",
    "location": "26100 Gading Road"
  },
  {
    "contact_name": "Eugene",
    "location": "40001 Fremont Boulevard"
  },
  {
    "contact_name": "Raymond",
    "location": "6221 Montecito Boulevard"
  },
  {
    "contact_name": "Andrew",
    "location": "111 Seminary Drive"
  },
  {
    "contact_name": "Teresa",
    "location": "4748 West Campbell Avenue"
  },
  {
    "contact_name": "David",
    "location": "900 Cambridge Drive"
  },
  {
    "contact_name": "Henry",
    "location": "2000 Shoreline Loop"
  },
  {
    "contact_name": "Emma",
    "location": "275 Hawthorne Avenue"
  },
  {
    "contact_name": "Sophia",
    "location": "400 East Remington Drive"
  },
  {
    "contact_name": "Natalie",
    "location": "1010 Power Avenue"
  },
  {
    "contact_name": "Janet",
    "location": "1400 A Street"
  },
  {
    "contact_name": "Vincent",
    "location": "947 Branham Lane # C"
  },
  {
    "contact_name": "Robert",
    "location": "555 East El Camino Real"
  }
]