[
  {
    "cast": "Quentin Tarantino",
    "directed_by": "Quentin Tarantino",
    "genre": "Cult",
    "movie_title": "Pulp Fiction",
    "percent_rating": "92"
  },
  {
    "cast": "William Jackson Harper",
    "directed_by": "Ari Aster",
    "genre": "Horror",
    "movie_title": "Midsommar",
    "percent_rating": "83"
  },
  {
    "cast": "Javier Bardem",
    "directed_by": "Pedro Almodovar",
    "genre": "Drama",
    "movie_title": "Live Flesh",
    "percent_rating": "80"
  },
  {
    "cast": "Kate McKinnon",
    "directed_by": "Danny Boyle",
    "genre": "Comedy",
    "movie_title": "Yesterday",
    "percent_rating": "63"
  },
  {
    "cast": "Davi Santos",
    "directed_by": "Johannes Roberts",
    "genre": "Horror",
    "movie_title": "47 Meters Down: Uncaged",
    "percent_rating": "45"
  },
  {
    "cast": "Lorraine Toussaint",
    "directed_by": "Andre Ovredal",
    "genre": "Horror",
    "movie_title": "Scary Stories to Tell in the Dark",
    "percent_rating": "79"
  },
  {
    "cast": "Manabu Hosoi",
    "directed_by": "Shinichirou Ueda",
    "genre": "Horror",
    "movie_title": "One Cut of the Dead",
    "percent_rating": "100"
  },
  {
    "cast": "Calvin Trillin",
    "directed_by": "Max Lewkowicz",
    "genre": "Documentary",
    "movie_title": "Fiddler: A Miracle of Miracles",
    "percent_rating": "100"
  },
  {
    "cast": "Tony Hale",
    "directed_by": "Josh Cooley",
    "genre": "Animation",
    "movie_title": "Toy Story 4",
    "percent_rating": "97"
  },
  {
    "cast": "Doris McCarthy",
    "directed_by": "Bart Freundlich",
    "genre": "Drama",
    "movie_title": "After The Wedding",
    "percent_rating": "43"
  },
  {
    "cast": "Koichi Yamadera",
    "directed_by": "Satoshi Kon",
    "genre": "Anime",
    "movie_title": "Paprika",
    "percent_rating": "84"
  },
  {
    "cast": "Michaela Watkins",
    "directed_by": "Paul Downs Colaizzo",
    "genre": "Drama",
    "movie_title": "Brittany Runs a Marathon",
    "percent_rating": "90"
  },
  {
    "cast": "Pavle Cemerikic",
    "directed_by": "Ognjen Glavonic",
    "genre": "War",
    "movie_title": "The Load",
    "percent_rating": "100"
  },
  {
    "cast": "Meera Ganatra",
    "directed_by": "Gurinder Chadha",
    "genre": "Drama",
    "movie_title": "Blinded by the Light",
    "percent_rating": "88"
  },
  {
    "cast": "Helena Holmes",
    "directed_by": "David Leitch",
    "genre": "Action",
    "movie_title": "Hobbs and Shaw",
    "percent_rating": "67"
  },
  {
    "cast": "Jamie Kennedy",
    "directed_by": "James Gray",
    "genre": "Sci-fi",
    "movie_title": "Ad Astra",
    "percent_rating": "84"
  },
  {
    "cast": "Adam Bakri",
    "directed_by": "Gavin Hood",
    "genre": "Mystery",
    "movie_title": "Official Secrets",
    "percent_rating": "78"
  },
  {
    "cast": "Leonard Sharp",
    "directed_by": "Alexander Mackendrick",
    "genre": "Thriller",
    "movie_title": "The Ladykillers",
    "percent_rating": "100"
  },
  {
    "cast": "James Urbaniak",
    "directed_by": "Richard Linklater",
    "genre": "Comedy",
    "movie_title": "Where'd You Go, Bernadette",
    "percent_rating": "46"
  },
  {
    "cast": "Roger McGuinn",
    "directed_by": "Andrew Slater",
    "genre": "Musical",
    "movie_title": "Echo In The Canyon",
    "percent_rating": "94"
  },
  {
    "cast": "James Ransone",
    "directed_by": "Andres Muschietti",
    "genre": "Supernatural",
    "movie_title": "IT Chapter Two",
    "percent_rating": "64"
  },
  {
    "cast": "Karen Holness",
    "directed_by": "Simon Curtis",
    "genre": "Drama",
    "movie_title": "The Art of Racing in the Rain",
    "percent_rating": "43"
  },
  {
    "cast": "Josh Gad",
    "directed_by": "Thurop Van Orman",
    "genre": "Animation",
    "movie_title": "The Angry Birds Movie 2",
    "percent_rating": "72"
  },
  {
    "cast": "Duane Whitaker",
    "directed_by": "Quentin Tarantino",
    "genre": "Cult",
    "movie_title": "Pulp Fiction",
    "percent_rating": "92"
  },
  {
    "cast": "Jillian Bell",
    "directed_by": "Paul Downs Colaizzo",
    "genre": "Drama",
    "movie_title": "Brittany Runs a Marathon",
    "percent_rating": "90"
  },
  {
    "cast": "Paola Lara",
    "directed_by": "Issa Lopez",
    "genre": "Tragedy",
    "movie_title": "Tigers Are Not Afraid",
    "percent_rating": "96"
  },
  {
    "cast": "Prabhas",
    "directed_by": "Sujeeth",
    "genre": "Action",
    "movie_title": "Saaho",
    "percent_rating": "10"
  },
  {
    "cast": "Sushant Singh Rajput",
    "directed_by": "Nitesh Tiwari",
    "genre": "Comedy",
    "movie_title": "Chhichhore",
    "percent_rating": "60"
  },
  {
    "cast": "Alexander Calvert",
    "directed_by": "Gene Stupnitsky",
    "genre": "Comedy",
    "movie_title": "Good Boys",
    "percent_rating": "79"
  },
  {
    "cast": "Zhao Shuzhen",
    "directed_by": "Lulu Wang",
    "genre": "Family",
    "movie_title": "The Farewell",
    "percent_rating": "99"
  },
  {
    "cast": "Richard L. Hawkins",
    "directed_by": "Steven Spielberg",
    "genre": "Sci-fi",
    "movie_title": "Close Encounters of the Third Kind",
    "percent_rating": "95"
  },
  {
    "cast": "Jason Burkey",
    "directed_by": "Riley Stearns",
    "genre": "Thriller",
    "movie_title": "The Art of Self-Defense",
    "percent_rating": "83"
  },
  {
    "cast": "Ian Hendry",
    "directed_by": "Douglas Hickox",
    "genre": "Horror",
    "movie_title": "Theatre of Blood",
    "percent_rating": "93"
  },
  {
    "cast": "Nick Nolte",
    "directed_by": "Ric Roman Waugh",
    "genre": "Action",
    "movie_title": "Angel Has Fallen",
    "percent_rating": "39"
  },
  {
    "cast": "Liv Tyler",
    "directed_by": "Peter Jackson",
    "genre": "Fantasy",
    "movie_title": "The Lord of the Rings: The Return of the King",
    "percent_rating": "93"
  },
  {
    "cast": "Timothy Olyphant",
    "directed_by": "Quentin Tarantino",
    "genre": "Offbeat",
    "movie_title": "Once Upon a Time In Hollywood",
    "percent_rating": "85"
  },
  {
    "cast": "Ron Mueck",
    "directed_by": "Jim Henson",
    "genre": "Fantasy",
    "movie_title": "Labyrinth",
    "percent_rating": "70"
  },
  {
    "cast": "James Wlcek",
    "directed_by": "Herbert Ross",
    "genre": "Family",
    "movie_title": "Steel Magnolias",
    "percent_rating": "70"
  },
  {
    "cast": "Rudy Chernicoff",
    "directed_by": "Benjamin Naishtat",
    "genre": "Thriller",
    "movie_title": "Rojo",
    "percent_rating": "98"
  },
  {
    "cast": "Britta Steffenhagen",
    "directed_by": "Thurop Van Orman",
    "genre": "Animation",
    "movie_title": "The Angry Birds Movie 2",
    "percent_rating": "72"
  },
  {
    "cast": "Daria Ekamasova",
    "directed_by": "Kirill Mikhanovsky",
    "genre": "Comedy-drama",
    "movie_title": "Give Me Liberty",
    "percent_rating": "92"
  },
  {
    "cast": "Jack Sterner",
    "directed_by": "Alex Kendrick",
    "genre": "Drama",
    "movie_title": "Overcomer",
    "percent_rating": "46"
  },
  {
    "cast": "Zoe Bell",
    "directed_by": "Quentin Tarantino",
    "genre": "Offbeat",
    "movie_title": "Once Upon a Time In Hollywood",
    "percent_rating": "85"
  },
  {
    "cast": "James Corden",
    "directed_by": "Danny Boyle",
    "genre": "Comedy",
    "movie_title": "Yesterday",
    "percent_rating": "63"
  },
  {
    "cast": "Amer Hlehel",
    "directed_by": "Sameh Zoabi",
    "genre": "World",
    "movie_title": "Tel Aviv on Fire",
    "percent_rating": "92"
  },
  {
    "cast": "Jack Carson",
    "directed_by": "Gregory La Cava",
    "genre": "Drama",
    "movie_title": "Stage Door",
    "percent_rating": "95"
  },
  {
    "cast": "Alexandre Bourgeois",
    "directed_by": "Jovanka Vuckovic",
    "genre": "Action",
    "movie_title": "Riot Girls",
    "percent_rating": "100"
  },
  {
    "cast": "Xabiani Ponce de Leon",
    "directed_by": "Hari Sama",
    "genre": "Drama",
    "movie_title": "This Is Not Berlin",
    "percent_rating": "86"
  },
  {
    "cast": "Mohan Kapoor",
    "directed_by": "Jagan Shakti",
    "genre": "Action",
    "movie_title": "Mission Mangal",
    "percent_rating": "67"
  },
  {
    "cast": "Bakary Sangare",
    "directed_by": "Louis Garrel",
    "genre": "Drama",
    "movie_title": "A Faithful Man",
    "percent_rating": "78"
  },
  {
    "cast": "Andrea Bang",
    "directed_by": "Julius Onah",
    "genre": "Mystery",
    "movie_title": "Luce",
    "percent_rating": "92"
  },
  {
    "cast": "Andrea Martin",
    "directed_by": "Joel Zwick",
    "genre": "Comedy",
    "movie_title": "My Big Fat Greek Wedding",
    "percent_rating": "76"
  },
  {
    "cast": "McKinley Belcher III",
    "directed_by": "Simon Curtis",
    "genre": "Drama",
    "movie_title": "The Art of Racing in the Rain",
    "percent_rating": "43"
  },
  {
    "cast": "Hayley Squires",
    "directed_by": "Peter Strickland",
    "genre": "Horror",
    "movie_title": "In Fabric",
    "percent_rating": "96"
  },
  {
    "cast": "Daniel Camp",
    "directed_by": "Herbert Ross",
    "genre": "Family",
    "movie_title": "Steel Magnolias",
    "percent_rating": "70"
  },
  {
    "cast": "Jon Glaser",
    "directed_by": "Lorene Scafaria",
    "genre": "Drama",
    "movie_title": "Hustlers",
    "percent_rating": "94"
  },
  {
    "cast": "Helena Howard",
    "directed_by": "Josephine Decker",
    "genre": "Thriller",
    "movie_title": "Madeline's Madeline",
    "percent_rating": "88"
  },
  {
    "cast": "Eugene Dynarski",
    "directed_by": "Steven Spielberg",
    "genre": "Sci-fi",
    "movie_title": "Close Encounters of the Third Kind",
    "percent_rating": "95"
  },
  {
    "cast": "Nahuel Cano",
    "directed_by": "Lucrecia Martel",
    "genre": "World",
    "movie_title": "Zama",
    "percent_rating": "96"
  },
  {
    "cast": "Alex King",
    "directed_by": "David Leitch",
    "genre": "Action",
    "movie_title": "Hobbs and Shaw",
    "percent_rating": "67"
  },
  {
    "cast": "Diana Dors",
    "directed_by": "Douglas Hickox",
    "genre": "Horror",
    "movie_title": "Theatre of Blood",
    "percent_rating": "93"
  },
  {
    "cast": "Sterling K. Brown",
    "directed_by": "Thurop Van Orman",
    "genre": "Animation",
    "movie_title": "The Angry Birds Movie 2",
    "percent_rating": "72"
  },
  {
    "cast": "Lori Pelenise Tuisano",
    "directed_by": "David Leitch",
    "genre": "Action",
    "movie_title": "Hobbs and Shaw",
    "percent_rating": "67"
  },
  {
    "cast": "Conleth Hill",
    "directed_by": "Gavin Hood",
    "genre": "Mystery",
    "movie_title": "Official Secrets",
    "percent_rating": "78"
  },
  {
    "cast": "Claudia Doumit",
    "directed_by": "Richard Linklater",
    "genre": "Comedy",
    "movie_title": "Where'd You Go, Bernadette",
    "percent_rating": "46"
  },
  {
    "cast": "Katsunosuke Hori",
    "directed_by": "Satoshi Kon",
    "genre": "Anime",
    "movie_title": "Paprika",
    "percent_rating": "84"
  },
  {
    "cast": "Nikita Mehta",
    "directed_by": "Gurinder Chadha",
    "genre": "Drama",
    "movie_title": "Blinded by the Light",
    "percent_rating": "88"
  },
  {
    "cast": "Rhys Ifans",
    "directed_by": "Gavin Hood",
    "genre": "Mystery",
    "movie_title": "Official Secrets",
    "percent_rating": "78"
  },
  {
    "cast": "Steve Whitmire",
    "directed_by": "Jim Henson",
    "genre": "Fantasy",
    "movie_title": "Labyrinth",
    "percent_rating": "70"
  },
  {
    "cast": "Steve Terada",
    "directed_by": "Riley Stearns",
    "genre": "Thriller",
    "movie_title": "The Art of Self-Defense",
    "percent_rating": "83"
  },
  {
    "cast": "Nancy Parsons",
    "directed_by": "Herbert Ross",
    "genre": "Family",
    "movie_title": "Steel Magnolias",
    "percent_rating": "70"
  },
  {
    "cast": "Klaudia Garcia",
    "directed_by": "Hari Sama",
    "genre": "Drama",
    "movie_title": "This Is Not Berlin",
    "percent_rating": "86"
  },
  {
    "cast": "Carol Sutton",
    "directed_by": "Herbert Ross",
    "genre": "Family",
    "movie_title": "Steel Magnolias",
    "percent_rating": "70"
  },
  {
    "cast": "Tzi Ma",
    "directed_by": "Lulu Wang",
    "genre": "Family",
    "movie_title": "The Farewell",
    "percent_rating": "99"
  },
  {
    "cast": "Aryn Wright-Thompson",
    "directed_by": "Alex Kendrick",
    "genre": "Drama",
    "movie_title": "Overcomer",
    "percent_rating": "46"
  },
  {
    "cast": "Vanessa Przada",
    "directed_by": "Gene Stupnitsky",
    "genre": "Comedy",
    "movie_title": "Good Boys",
    "percent_rating": "79"
  },
  {
    "cast": "Pete Davidson",
    "directed_by": "Thurop Van Orman",
    "genre": "Animation",
    "movie_title": "The Angry Birds Movie 2",
    "percent_rating": "72"
  },
  {
    "cast": "Leland Orser",
    "directed_by": "Riley Stearns",
    "genre": "Thriller",
    "movie_title": "The Art of Self-Defense",
    "percent_rating": "83"
  },
  {
    "cast": "Noah Gaynor",
    "directed_by": "Julius Onah",
    "genre": "Mystery",
    "movie_title": "Luce",
    "percent_rating": "92"
  },
  {
    "cast": "Utkarsh Ambudkar",
    "directed_by": "Paul Downs Colaizzo",
    "genre": "Drama",
    "movie_title": "Brittany Runs a Marathon",
    "percent_rating": "90"
  },
  {
    "cast": "Akiko Kawase",
    "directed_by": "Satoshi Kon",
    "genre": "Anime",
    "movie_title": "Paprika",
    "percent_rating": "84"
  },
  {
    "cast": "Ian Hughes",
    "directed_by": "Peter Jackson",
    "genre": "Fantasy",
    "movie_title": "The Lord of the Rings: The Return of the King",
    "percent_rating": "93"
  },
  {
    "cast": "Ryan Reynolds",
    "directed_by": "David Leitch",
    "genre": "Action",
    "movie_title": "Hobbs and Shaw",
    "percent_rating": "67"
  },
  {
    "cast": "Sarah McLeod",
    "directed_by": "Peter Jackson",
    "genre": "Fantasy",
    "movie_title": "The Lord of the Rings: The Return of the King",
    "percent_rating": "93"
  },
  {
    "cast": "J. Patrick McNamara",
    "directed_by": "Steven Spielberg",
    "genre": "Sci-fi",
    "movie_title": "Close Encounters of the Third Kind",
    "percent_rating": "95"
  },
  {
    "cast": "Supreet Reddy",
    "directed_by": "Sujeeth",
    "genre": "Action",
    "movie_title": "Saaho",
    "percent_rating": "10"
  },
  {
    "cast": "Ving Rhames",
    "directed_by": "Quentin Tarantino",
    "genre": "Cult",
    "movie_title": "Pulp Fiction",
    "percent_rating": "92"
  },
  {
    "cast": "Fiona Reid",
    "directed_by": "Joel Zwick",
    "genre": "Comedy",
    "movie_title": "My Big Fat Greek Wedding",
    "percent_rating": "76"
  },
  {
    "cast": "Lawrence Bender",
    "directed_by": "Quentin Tarantino",
    "genre": "Cult",
    "movie_title": "Pulp Fiction",
    "percent_rating": "92"
  },
  {
    "cast": "Yuri Lowenthal",
    "directed_by": "Satoshi Kon",
    "genre": "Anime",
    "movie_title": "Paprika",
    "percent_rating": "84"
  },
  {
    "cast": "C.J. Rush",
    "directed_by": "Riley Stearns",
    "genre": "Thriller",
    "movie_title": "The Art of Self-Defense",
    "percent_rating": "83"
  },
  {
    "cast": "Danny John-Jules",
    "directed_by": "Jim Henson",
    "genre": "Fantasy",
    "movie_title": "Labyrinth",
    "percent_rating": "70"
  },
  {
    "cast": "Ronald Young",
    "directed_by": "Herbert Ross",
    "genre": "Family",
    "movie_title": "Steel Magnolias",
    "percent_rating": "70"
  },
  {
    "cast": "Zach Woods",
    "directed_by": "Thurop Van Orman",
    "genre": "Animation",
    "movie_title": "The Angry Birds Movie 2",
    "percent_rating": "72"
  },
  {
    "cast": "Merrill Connally",
    "directed_by": "Steven Spielberg",
    "genre": "Sci-fi",
    "movie_title": "Close Encounters of the Third Kind",
    "percent_rating": "95"
  },
  {
    "cast": "Gwendoline Christie",
    "directed_by": "Peter Strickland",
    "genre": "Horror",
    "movie_title": "In Fabric",
    "percent_rating": "96"
  },
  {
    "cast": "Bill Hader",
    "directed_by": "Josh Cooley",
    "genre": "Animation",
    "movie_title": "Toy Story 4",
    "percent_rating": "97"
  },
  {
    "cast": "Josh Barclay Caras",
    "directed_by": "Gene Stupnitsky",
    "genre": "Comedy",
    "movie_title": "Good Boys",
    "percent_rating": "79"
  },
  {
    "cast": "Sanjay Kapoor",
    "directed_by": "Jagan Shakti",
    "genre": "Action",
    "movie_title": "Mission Mangal",
    "percent_rating": "67"
  },
  {
    "cast": "Franklin Pangborn",
    "directed_by": "Gregory La Cava",
    "genre": "Drama",
    "movie_title": "Stage Door",
    "percent_rating": "95"
  },
  {
    "cast": "Doug Erholtz",
    "directed_by": "Satoshi Kon",
    "genre": "Anime",
    "movie_title": "Paprika",
    "percent_rating": "84"
  },
  {
    "cast": "Betsy Widhalm",
    "directed_by": "Herbert Ross",
    "genre": "Family",
    "movie_title": "Steel Magnolias",
    "percent_rating": "70"
  },
  {
    "cast": "Sunita Mani",
    "directed_by": "Josephine Decker",
    "genre": "Thriller",
    "movie_title": "Madeline's Madeline",
    "percent_rating": "88"
  },
  {
    "cast": "Jennifer Lopez",
    "directed_by": "Lorene Scafaria",
    "genre": "Drama",
    "movie_title": "Hustlers",
    "percent_rating": "94"
  },
  {
    "cast": "Gavin Brocker",
    "directed_by": "Peter Strickland",
    "genre": "Horror",
    "movie_title": "In Fabric",
    "percent_rating": "96"
  },
  {
    "cast": "Eric Stoltz",
    "directed_by": "Quentin Tarantino",
    "genre": "Cult",
    "movie_title": "Pulp Fiction",
    "percent_rating": "92"
  },
  {
    "cast": "Martin Kove",
    "directed_by": "Quentin Tarantino",
    "genre": "Offbeat",
    "movie_title": "Once Upon a Time In Hollywood",
    "percent_rating": "85"
  },
  {
    "cast": "Jennifer Connelly",
    "directed_by": "Jim Henson",
    "genre": "Fantasy",
    "movie_title": "Labyrinth",
    "percent_rating": "70"
  },
  {
    "cast": "Vincent Andriano",
    "directed_by": "Gurinder Chadha",
    "genre": "Drama",
    "movie_title": "Blinded by the Light",
    "percent_rating": "88"
  },
  {
    "cast": "Dolly Parton",
    "directed_by": "Herbert Ross",
    "genre": "Family",
    "movie_title": "Steel Magnolias",
    "percent_rating": "70"
  },
  {
    "cast": "Maya Hawke",
    "directed_by": "Quentin Tarantino",
    "genre": "Offbeat",
    "movie_title": "Once Upon a Time In Hollywood",
    "percent_rating": "85"
  },
  {
    "cast": "Bruce Willis",
    "directed_by": "Quentin Tarantino",
    "genre": "Cult",
    "movie_title": "Pulp Fiction",
    "percent_rating": "92"
  },
  {
    "cast": "Monica Dolan",
    "directed_by": "Gavin Hood",
    "genre": "Mystery",
    "movie_title": "Official Secrets",
    "percent_rating": "78"
  },
  {
    "cast": "Kathy Griffin",
    "directed_by": "Quentin Tarantino",
    "genre": "Cult",
    "movie_title": "Pulp Fiction",
    "percent_rating": "92"
  },
  {
    "cast": "Chris Reilly",
    "directed_by": "Gavin Hood",
    "genre": "Mystery",
    "movie_title": "Official Secrets",
    "percent_rating": "78"
  },
  {
    "cast": "Christopher Malcolm",
    "directed_by": "Jim Henson",
    "genre": "Fantasy",
    "movie_title": "Labyrinth",
    "percent_rating": "70"
  },
  {
    "cast": "James Keane",
    "directed_by": "Steven Spielberg",
    "genre": "Sci-fi",
    "movie_title": "Close Encounters of the Third Kind",
    "percent_rating": "95"
  },
  {
    "cast": "Lisa Tharps",
    "directed_by": "Josephine Decker",
    "genre": "Thriller",
    "movie_title": "Madeline's Madeline",
    "percent_rating": "88"
  },
  {
    "cast": "Joey Fatone",
    "directed_by": "Joel Zwick",
    "genre": "Comedy",
    "movie_title": "My Big Fat Greek Wedding",
    "percent_rating": "76"
  },
  {
    "cast": "Zoe Margaret Colletti",
    "directed_by": "Andre Ovredal",
    "genre": "Horror",
    "movie_title": "Scary Stories to Tell in the Dark",
    "percent_rating": "79"
  },
  {
    "cast": "Hattie Morahan",
    "directed_by": "Gavin Hood",
    "genre": "Mystery",
    "movie_title": "Official Secrets",
    "percent_rating": "78"
  },
  {
    "cast": "Dominic Monaghan",
    "directed_by": "Peter Jackson",
    "genre": "Fantasy",
    "movie_title": "The Lord of the Rings: The Return of the King",
    "percent_rating": "93"
  },
  {
    "cast": "James Shapkoff III",
    "directed_by": "Herbert Ross",
    "genre": "Family",
    "movie_title": "Steel Magnolias",
    "percent_rating": "70"
  },
  {
    "cast": "Camila Sosa",
    "directed_by": "Lucrecia Martel",
    "genre": "World",
    "movie_title": "Zama",
    "percent_rating": "96"
  },
  {
    "cast": "Josef Sommer",
    "directed_by": "Steven Spielberg",
    "genre": "Sci-fi",
    "movie_title": "Close Encounters of the Third Kind",
    "percent_rating": "95"
  },
  {
    "cast": "Lena Dunham",
    "directed_by": "Quentin Tarantino",
    "genre": "Offbeat",
    "movie_title": "Once Upon a Time In Hollywood",
    "percent_rating": "85"
  },
  {
    "cast": "Max Pava",
    "directed_by": "Paul Downs Colaizzo",
    "genre": "Drama",
    "movie_title": "Brittany Runs a Marathon",
    "percent_rating": "90"
  },
  {
    "cast": "Lil Rel Howery",
    "directed_by": "Thurop Van Orman",
    "genre": "Animation",
    "movie_title": "The Angry Birds Movie 2",
    "percent_rating": "72"
  },
  {
    "cast": "Lucia Oskerova",
    "directed_by": "Quentin Tarantino",
    "genre": "Offbeat",
    "movie_title": "Once Upon a Time In Hollywood",
    "percent_rating": "85"
  },
  {
    "cast": "Kelvin Harrison Jr.",
    "directed_by": "Julius Onah",
    "genre": "Mystery",
    "movie_title": "Luce",
    "percent_rating": "92"
  },
  {
    "cast": "Aoi Mizuhara",
    "directed_by": "Lulu Wang",
    "genre": "Family",
    "movie_title": "The Farewell",
    "percent_rating": "99"
  },
  {
    "cast": "Robert R. Morgan",
    "directed_by": "Herbert Ross",
    "genre": "Family",
    "movie_title": "Steel Magnolias",
    "percent_rating": "70"
  },
  {
    "cast": "Enid-Raye Adams",
    "directed_by": "Gene Stupnitsky",
    "genre": "Comedy",
    "movie_title": "Good Boys",
    "percent_rating": "79"
  },
  {
    "cast": "Rob Brydon",
    "directed_by": "Gurinder Chadha",
    "genre": "Drama",
    "movie_title": "Blinded by the Light",
    "percent_rating": "88"
  },
  {
    "cast": "Tony Hale",
    "directed_by": "Thurop Van Orman",
    "genre": "Animation",
    "movie_title": "The Angry Birds Movie 2",
    "percent_rating": "72"
  },
  {
    "cast": "Sophia Di Martino",
    "directed_by": "Danny Boyle",
    "genre": "Comedy",
    "movie_title": "Yesterday",
    "percent_rating": "63"
  },
  {
    "cast": "Mel Brooks",
    "directed_by": "Josh Cooley",
    "genre": "Animation",
    "movie_title": "Toy Story 4",
    "percent_rating": "97"
  },
  {
    "cast": "Timothy Dalton",
    "directed_by": "Josh Cooley",
    "genre": "Animation",
    "movie_title": "Toy Story 4",
    "percent_rating": "97"
  }
]