[
  {
    "aggregate_rating": "6.90",
    "director": "Michael Schultz",
    "genre": "Action",
    "starring": "Faith Prince",
    "title": "The Last Dragon"
  },
  {
    "aggregate_rating": "7.40",
    "director": "Cameron Crowe",
    "genre": "Romance",
    "starring": "Joan Cusack",
    "title": "Say Anything"
  },
  {
    "aggregate_rating": "7.10",
    "director": "Jia Zhangke",
    "genre": "Crime",
    "starring": "Casper Liang",
    "title": "Ash Is Purest White"
  },
  {
    "aggregate_rating": "6.20",
    "director": "Iain Softley",
    "genre": "Drama",
    "starring": "John Bair",
    "title": "Hackers"
  },
  {
    "aggregate_rating": "5.40",
    "director": "Harry Elfont",
    "genre": "Comedy",
    "starring": "Alexander Martin",
    "title": "Josie and the Pussycats"
  },
  {
    "aggregate_rating": "6.40",
    "director": "George Sidney",
    "genre": "Romance",
    "starring": "Teri Garr",
    "title": "Viva Las Vegas"
  },
  {
    "aggregate_rating": "7.00",
    "director": "Robin Bissell",
    "genre": "Drama",
    "starring": "Caitlin Mehner",
    "title": "The Best of Enemies"
  },
  {
    "aggregate_rating": "7.60",
    "director": "David Sandberg",
    "genre": "Adventure",
    "starring": "Mark Strong",
    "title": "Shazam!"
  },
  {
    "aggregate_rating": "5.90",
    "director": "Nia DaCosta",
    "genre": "Drama",
    "starring": "Luci Christian",
    "title": "Little Woods"
  },
  {
    "aggregate_rating": "7.50",
    "director": "Alfred Hitchcock",
    "genre": "Drama",
    "starring": "Alex Frazer",
    "title": "The Man Who Knew Too Much"
  },
  {
    "aggregate_rating": "6.10",
    "director": "Justin Kelly",
    "genre": "Biographical",
    "starring": "Will Woytowich",
    "title": "JT LeRoy"
  },
  {
    "aggregate_rating": "6.60",
    "director": "Laszlo Nemes",
    "genre": "Drama",
    "starring": "Judit Bardos",
    "title": "Sunset"
  },
  {
    "aggregate_rating": "7.40",
    "director": "Elaine May",
    "genre": "Mafia",
    "starring": "John Cassavetes",
    "title": "Mikey and Nicky"
  },
  {
    "aggregate_rating": "5.40",
    "director": "Neil Marshall",
    "genre": "Fantasy",
    "starring": "David Harbour",
    "title": "Hellboy"
  },
  {
    "aggregate_rating": "8.10",
    "director": "George Miller",
    "genre": "Fantasy",
    "starring": "Gillian Jones",
    "title": "Mad Max: Fury Road"
  },
  {
    "aggregate_rating": "7.10",
    "director": "Anna Boden",
    "genre": "Adventure",
    "starring": "Lashana Lynch",
    "title": "Captain Marvel"
  },
  {
    "aggregate_rating": "8.30",
    "director": "Orson Welles",
    "genre": "Mystery",
    "starring": "Georgia Backus",
    "title": "Citizen Kane"
  },
  {
    "aggregate_rating": "7.60",
    "director": "Joel Coen",
    "genre": "Adventure",
    "starring": "Nicholas Sadler",
    "title": "True Grit"
  },
  {
    "aggregate_rating": "7.50",
    "director": "Laure de Clermont-Tonnerre",
    "genre": "Drama",
    "starring": "Keith Johnson",
    "title": "The Mustang"
  },
  {
    "aggregate_rating": "8.40",
    "director": "Stanley Kubrick",
    "genre": "Comedy",
    "starring": "Frank Berry",
    "title": "Dr. Strangelove"
  },
  {
    "aggregate_rating": "8.30",
    "director": "Peter Farrelly",
    "genre": "Comedy",
    "starring": "Mahershala Ali",
    "title": "Green Book"
  },
  {
    "aggregate_rating": "5.80",
    "director": "Garth Davis",
    "genre": "Drama",
    "starring": "Uri Gavriel",
    "title": "Mary Magdalene"
  },
  {
    "aggregate_rating": "6.30",
    "director": "James Kent",
    "genre": "War",
    "starring": "Flora Thiemann",
    "title": "The Aftermath"
  },
  {
    "aggregate_rating": "6.60",
    "director": "Tim Burton",
    "genre": "Fantasy",
    "starring": "Douglas Reith",
    "title": "Dumbo"
  },
  {
    "aggregate_rating": "7.70",
    "director": "Dean DeBlois",
    "genre": "Animation",
    "starring": "James Sie",
    "title": "How to Train Your Dragon: The Hidden World"
  },
  {
    "aggregate_rating": "5.60",
    "director": "Roxann Dawson",
    "genre": "Biographical",
    "starring": "Dennis Haysbert",
    "title": "Breakthrough"
  },
  {
    "aggregate_rating": "7.00",
    "director": "Chris Butler",
    "genre": "Comedy",
    "starring": "David Walliams",
    "title": "Missing Link"
  },
  {
    "aggregate_rating": "5.20",
    "director": "Rachel Lears",
    "genre": "Documentary",
    "starring": "Alexandria Ocasio-Cortez",
    "title": "Knock Down The House"
  },
  {
    "aggregate_rating": "6.20",
    "director": "Max Minghella",
    "genre": "Musical",
    "starring": "Antonia Clarke",
    "title": "Teen Spirit"
  },
  {
    "aggregate_rating": "7.00",
    "director": "Christian Petzold",
    "genre": "Drama",
    "starring": "Justus von Dohnanyi",
    "title": "Transit"
  },
  {
    "aggregate_rating": "7.20",
    "director": "Martin Scorsese",
    "genre": "Biographical",
    "starring": "Keith Richards",
    "title": "Shine a Light"
  },
  {
    "aggregate_rating": "8.40",
    "director": "Stanley Kubrick",
    "genre": "Comedy",
    "starring": "Gordon Tanner",
    "title": "Dr. Strangelove"
  },
  {
    "aggregate_rating": "5.80",
    "director": "Jenny Gage",
    "genre": "Romance",
    "starring": "Jose Alfredo Fernandez",
    "title": "After"
  },
  {
    "aggregate_rating": "7.50",
    "director": "Michael Gordon",
    "genre": "Romance",
    "starring": "Arlen Stuart",
    "title": "Pillow Talk"
  },
  {
    "aggregate_rating": "7.70",
    "director": "Tom McCarthy",
    "genre": "Romance",
    "starring": "Danai Gurira",
    "title": "The Visitor"
  },
  {
    "aggregate_rating": "7.00",
    "director": "Robin Bissell",
    "genre": "Drama",
    "starring": "Taraji P. Henson",
    "title": "The Best of Enemies"
  },
  {
    "aggregate_rating": "7.10",
    "director": "Claus Rafle",
    "genre": "Documentary",
    "starring": "Florian Lukas",
    "title": "The Invisibles"
  },
  {
    "aggregate_rating": "7.70",
    "director": "Likarion Wainaina",
    "genre": "Drama",
    "starring": "Mercy Kariuki",
    "title": "Supa Modo"
  },
  {
    "aggregate_rating": "7.30",
    "director": "Matteo Garrone",
    "genre": "Drama",
    "starring": "Giancarlo Porcacchia",
    "title": "Dogman"
  },
  {
    "aggregate_rating": "6.00",
    "director": "Madeleine Olnek",
    "genre": "Drama",
    "starring": "David Albiero",
    "title": "Wild Nights with Emily"
  },
  {
    "aggregate_rating": "5.90",
    "director": "Michael Chaves",
    "genre": "Horror",
    "starring": "Roman Christou",
    "title": "The Curse of La Llorona"
  },
  {
    "aggregate_rating": "7.10",
    "director": "Ronald Neame",
    "genre": "Adventure",
    "starring": "Stella Stevens",
    "title": "The Poseidon Adventure"
  },
  {
    "aggregate_rating": "4.10",
    "director": "Qui Sheng",
    "genre": "Drama",
    "starring": "Huang Lu",
    "title": "Suburban Birds"
  },
  {
    "aggregate_rating": "4.20",
    "director": "Tyler Perry",
    "genre": "Comedy",
    "starring": "Aeriel Miranda",
    "title": "A Madea Family Funeral"
  },
  {
    "aggregate_rating": "8.00",
    "director": "Morton DaCosta",
    "genre": "Comedy",
    "starring": "Terry Kelman",
    "title": "Auntie Mame"
  },
  {
    "aggregate_rating": "5.80",
    "director": "Laura Steinel",
    "genre": "Comedy",
    "starring": "Joseph Poliquin",
    "title": "Family"
  },
  {
    "aggregate_rating": "6.70",
    "director": "Sebastian Lelio",
    "genre": "Comedy",
    "starring": "Alanna Ubach",
    "title": "Gloria Bell"
  },
  {
    "aggregate_rating": "5.40",
    "director": "Tina Gordon",
    "genre": "Comedy",
    "starring": "Palmer Williams Jr.",
    "title": "Little"
  },
  {
    "aggregate_rating": "6.60",
    "director": "Jonathan Levine",
    "genre": "Comedy",
    "starring": "Tristan D. Lalla",
    "title": "Long Shot"
  },
  {
    "aggregate_rating": "6.60",
    "director": "Jonathan Levine",
    "genre": "Comedy",
    "starring": "O'Shea Jackson Jr.",
    "title": "Long Shot"
  },
  {
    "aggregate_rating": "6.20",
    "director": "Claire Denis",
    "genre": "Drama",
    "starring": "Agata Buzek",
    "title": "High Life"
  },
  {
    "aggregate_rating": "6.80",
    "director": "Eric Khoo",
    "genre": "Drama",
    "starring": "Tsuyoshi Ihara",
    "title": "Ramen Shop"
  },
  {
    "aggregate_rating": "6.20",
    "director": "Trevor Nunn",
    "genre": "Drama",
    "starring": "Stephen Boxer",
    "title": "Red Joan"
  },
  {
    "aggregate_rating": "7.50",
    "director": "Alfred Hitchcock",
    "genre": "Drama",
    "starring": "Alix Talton",
    "title": "The Man Who Knew Too Much"
  },
  {
    "aggregate_rating": "7.30",
    "director": "Hiroyasu Ishida",
    "genre": "Fantasy",
    "starring": "Kana Kita",
    "title": "Penguin Highway"
  },
  {
    "aggregate_rating": "7.00",
    "director": "Alfred Hitchcock",
    "genre": "Crime",
    "starring": "Donald Calthrop",
    "title": "Blackmail - Cinemix Par Chloe"
  },
  {
    "aggregate_rating": "7.50",
    "director": "Stephen Merchant",
    "genre": "Sports",
    "starring": "Zelina Vega",
    "title": "Fighting with My Family"
  },
  {
    "aggregate_rating": "7.70",
    "director": "Tom McCarthy",
    "genre": "Romance",
    "starring": "Haaz Sleiman",
    "title": "The Visitor"
  },
  {
    "aggregate_rating": "6.20",
    "director": "Simon Jaquemet",
    "genre": "Drama",
    "starring": "Christian Kaiser",
    "title": "The Innocent"
  },
  {
    "aggregate_rating": "7.40",
    "director": "Robert Budreau",
    "genre": "Comedy",
    "starring": "Shanti Roney",
    "title": "Stockholm"
  },
  {
    "aggregate_rating": "6.50",
    "director": "Neil Burger",
    "genre": "Comedy",
    "starring": "Junnie Lopez",
    "title": "The Upside"
  },
  {
    "aggregate_rating": "6.20",
    "director": "Kevin Kolsch",
    "genre": "Thriller",
    "starring": "Sonia Maria Chirila",
    "title": "Pet Sematary"
  },
  {
    "aggregate_rating": "6.20",
    "director": "Iain Softley",
    "genre": "Drama",
    "starring": "Jeff Harding",
    "title": "Hackers"
  },
  {
    "aggregate_rating": "7.80",
    "director": "Anthony Maras",
    "genre": "Thriller",
    "starring": "Dev Patel",
    "title": "Hotel Mumbai"
  },
  {
    "aggregate_rating": "7.50",
    "director": "Alfred Hitchcock",
    "genre": "Drama",
    "starring": "Gladys Holland",
    "title": "The Man Who Knew Too Much"
  },
  {
    "aggregate_rating": "7.00",
    "director": "Robin Bissell",
    "genre": "Drama",
    "starring": "Sam Rockwell",
    "title": "The Best of Enemies"
  },
  {
    "aggregate_rating": "8.00",
    "director": "Morton DaCosta",
    "genre": "Comedy",
    "starring": "Patric Knowles",
    "title": "Auntie Mame"
  },
  {
    "aggregate_rating": "8.20",
    "director": "Malik Bendjelloul",
    "genre": "Biographical",
    "starring": "Dennis Coffey",
    "title": "Searching for Sugar Man"
  },
  {
    "aggregate_rating": "7.40",
    "director": "Elaine May",
    "genre": "Mafia",
    "starring": "Rose Arrick",
    "title": "Mikey and Nicky"
  },
  {
    "aggregate_rating": "6.80",
    "director": "Brian De Palma",
    "genre": "Mystery",
    "starring": "Melissa Christian",
    "title": "Body Double"
  },
  {
    "aggregate_rating": "6.30",
    "director": "James Kent",
    "genre": "War",
    "starring": "Frederick Preston",
    "title": "The Aftermath"
  },
  {
    "aggregate_rating": "5.40",
    "director": "Harry Elfont",
    "genre": "Comedy",
    "starring": "Harmoni Everett",
    "title": "Josie and the Pussycats"
  },
  {
    "aggregate_rating": "5.60",
    "director": "Roxann Dawson",
    "genre": "Biographical",
    "starring": "Mike Colter",
    "title": "Breakthrough"
  },
  {
    "aggregate_rating": "7.70",
    "director": "Tom McCarthy",
    "genre": "Romance",
    "starring": "Michael Cumpsty",
    "title": "The Visitor"
  },
  {
    "aggregate_rating": "5.40",
    "director": "Harry Elfont",
    "genre": "Comedy",
    "starring": "Shayn Solberg",
    "title": "Josie and the Pussycats"
  },
  {
    "aggregate_rating": "7.70",
    "director": "Tom McCarthy",
    "genre": "Romance",
    "starring": "Jacqueline Brogan",
    "title": "The Visitor"
  },
  {
    "aggregate_rating": "6.60",
    "director": "Tim Burton",
    "genre": "Fantasy",
    "starring": "Alan Arkin",
    "title": "Dumbo"
  },
  {
    "aggregate_rating": "7.70",
    "director": "Tom McCarthy",
    "genre": "Romance",
    "starring": "Walter the Dog",
    "title": "The Visitor"
  },
  {
    "aggregate_rating": "7.10",
    "director": "Jia Zhangke",
    "genre": "Crime",
    "starring": "Yi Zhang",
    "title": "Ash Is Purest White"
  },
  {
    "aggregate_rating": "7.70",
    "director": "Tom McCarthy",
    "genre": "Romance",
    "starring": "Walter Mudu",
    "title": "The Visitor"
  },
  {
    "aggregate_rating": "7.10",
    "director": "Ronald Neame",
    "genre": "Adventure",
    "starring": "Byron Webster",
    "title": "The Poseidon Adventure"
  },
  {
    "aggregate_rating": "7.50",
    "director": "Alfred Hitchcock",
    "genre": "Drama",
    "starring": "Peter Camlin",
    "title": "The Man Who Knew Too Much"
  },
  {
    "aggregate_rating": "5.90",
    "director": "Nia DaCosta",
    "genre": "Drama",
    "starring": "Jeremy St. James",
    "title": "Little Woods"
  },
  {
    "aggregate_rating": "7.50",
    "director": "Alfred Hitchcock",
    "genre": "Drama",
    "starring": "Edward Manouk",
    "title": "The Man Who Knew Too Much"
  },
  {
    "aggregate_rating": "6.20",
    "director": "Iain Softley",
    "genre": "Drama",
    "starring": "Annemarie Lawless",
    "title": "Hackers"
  },
  {
    "aggregate_rating": "7.30",
    "director": "Matteo Garrone",
    "genre": "Drama",
    "starring": "Gianluca Gobbi",
    "title": "Dogman"
  },
  {
    "aggregate_rating": "6.20",
    "director": "Kevin Kolsch",
    "genre": "Thriller",
    "starring": "Jacob Lemieux",
    "title": "Pet Sematary"
  },
  {
    "aggregate_rating": "5.40",
    "director": "Harry Elfont",
    "genre": "Comedy",
    "starring": "Corinne Reilly",
    "title": "Josie and the Pussycats"
  },
  {
    "aggregate_rating": "8.00",
    "director": "Morton DaCosta",
    "genre": "Comedy",
    "starring": "Rand Harper",
    "title": "Auntie Mame"
  },
  {
    "aggregate_rating": "6.20",
    "director": "Iain Softley",
    "genre": "Drama",
    "starring": "Don Hewitt",
    "title": "Hackers"
  },
  {
    "aggregate_rating": "5.40",
    "director": "Harry Elfont",
    "genre": "Comedy",
    "starring": "Carson Daly",
    "title": "Josie and the Pussycats"
  },
  {
    "aggregate_rating": "7.70",
    "director": "Tom McCarthy",
    "genre": "Romance",
    "starring": "Brother Eden Douglas",
    "title": "The Visitor"
  },
  {
    "aggregate_rating": "7.40",
    "director": "Cameron Crowe",
    "genre": "Romance",
    "starring": "Glenn Walker Harris Jr.",
    "title": "Say Anything"
  },
  {
    "aggregate_rating": "5.80",
    "director": "Jenny Gage",
    "genre": "Romance",
    "starring": "Khadijha Red Thunder",
    "title": "After"
  },
  {
    "aggregate_rating": "5.90",
    "director": "Michael Chaves",
    "genre": "Horror",
    "starring": "Sean Patrick Thomas",
    "title": "The Curse of La Llorona"
  },
  {
    "aggregate_rating": "6.80",
    "director": "Brian De Palma",
    "genre": "Mystery",
    "starring": "Craig Wasson",
    "title": "Body Double"
  },
  {
    "aggregate_rating": "5.80",
    "director": "Garth Davis",
    "genre": "Drama",
    "starring": "Irit Sheleg",
    "title": "Mary Magdalene"
  },
  {
    "aggregate_rating": "6.20",
    "director": "Kevin Kolsch",
    "genre": "Thriller",
    "starring": "Lucas Lavoie",
    "title": "Pet Sematary"
  },
  {
    "aggregate_rating": "7.40",
    "director": "Cameron Crowe",
    "genre": "Romance",
    "starring": "Joanna Frank",
    "title": "Say Anything"
  },
  {
    "aggregate_rating": "6.20",
    "director": "Iain Softley",
    "genre": "Drama",
    "starring": "Mitchell Nguyen-McCormick",
    "title": "Hackers"
  },
  {
    "aggregate_rating": "6.80",
    "director": "Brian De Palma",
    "genre": "Mystery",
    "starring": "Chuck Waters",
    "title": "Body Double"
  },
  {
    "aggregate_rating": "7.20",
    "director": "Martin Scorsese",
    "genre": "Biographical",
    "starring": "Michael Gross",
    "title": "Shine a Light"
  },
  {
    "aggregate_rating": "8.00",
    "director": "Morton DaCosta",
    "genre": "Comedy",
    "starring": "Michael Harris",
    "title": "Auntie Mame"
  },
  {
    "aggregate_rating": "5.90",
    "director": "Nia DaCosta",
    "genre": "Drama",
    "starring": "James Badge Dale",
    "title": "Little Woods"
  },
  {
    "aggregate_rating": "7.60",
    "director": "David Sandberg",
    "genre": "Adventure",
    "starring": "Cooper Andrews",
    "title": "Shazam!"
  },
  {
    "aggregate_rating": "5.90",
    "director": "Nia DaCosta",
    "genre": "Drama",
    "starring": "Charlie Ray Reid",
    "title": "Little Woods"
  },
  {
    "aggregate_rating": "4.20",
    "director": "Tyler Perry",
    "genre": "Comedy",
    "starring": "Derek Morgan",
    "title": "A Madea Family Funeral"
  },
  {
    "aggregate_rating": "7.50",
    "director": "Michael Gordon",
    "genre": "Romance",
    "starring": "Julia Meade",
    "title": "Pillow Talk"
  },
  {
    "aggregate_rating": "6.20",
    "director": "Trevor Nunn",
    "genre": "Drama",
    "starring": "Phillip Langhorne",
    "title": "Red Joan"
  },
  {
    "aggregate_rating": "8.30",
    "director": "Peter Farrelly",
    "genre": "Comedy",
    "starring": "Dimiter Marinov",
    "title": "Green Book"
  },
  {
    "aggregate_rating": "8.30",
    "director": "Orson Welles",
    "genre": "Mystery",
    "starring": "Everett Sloane",
    "title": "Citizen Kane"
  },
  {
    "aggregate_rating": "5.80",
    "director": "Jenny Gage",
    "genre": "Romance",
    "starring": "Samuel Larsen",
    "title": "After"
  },
  {
    "aggregate_rating": "6.80",
    "director": "Brian De Palma",
    "genre": "Mystery",
    "starring": "Larry Jenkins",
    "title": "Body Double"
  },
  {
    "aggregate_rating": "6.00",
    "director": "Madeleine Olnek",
    "genre": "Drama",
    "starring": "Amy Seimetz",
    "title": "Wild Nights with Emily"
  },
  {
    "aggregate_rating": "5.40",
    "director": "Harry Elfont",
    "genre": "Comedy",
    "starring": "Serena Altschul",
    "title": "Josie and the Pussycats"
  },
  {
    "aggregate_rating": "6.60",
    "director": "Tim Burton",
    "genre": "Fantasy",
    "starring": "Frank Bourke",
    "title": "Dumbo"
  },
  {
    "aggregate_rating": "6.60",
    "director": "Jonathan Levine",
    "genre": "Comedy",
    "starring": "Bob Odenkirk",
    "title": "Long Shot"
  },
  {
    "aggregate_rating": "7.70",
    "director": "Tom McCarthy",
    "genre": "Romance",
    "starring": "Michael Bennett",
    "title": "The Visitor"
  },
  {
    "aggregate_rating": "7.10",
    "director": "Ronald Neame",
    "genre": "Adventure",
    "starring": "Fred Sadoff",
    "title": "The Poseidon Adventure"
  }
]