[
  {
    "amount": "116",
    "payment_method": "debit card",
    "private_visibility": "True",
    "receiver": "Amelia"
  },
  {
    "amount": "49",
    "private_visibility": "False",
    "receiver": "Mahmoud"
  },
  {
    "amount": "33",
    "payment_method": "credit card",
    "private_visibility": "False",
    "receiver": "Margaret"
  },
  {
    "amount": "97",
    "payment_method": "debit card",
    "private_visibility": "False",
    "receiver": "Emma"
  },
  {
    "amount": "161",
    "private_visibility": "False",
    "receiver": "Isabella"
  },
  {
    "amount": "31",
    "payment_method": "credit card",
    "private_visibility": "False",
    "receiver": "Rachel"
  },
  {
    "amount": "50",
    "payment_method": "debit card",
    "private_visibility": "False",
    "receiver": "Mary"
  },
  {
    "amount": "18",
    "private_visibility": "False",
    "receiver": "Emma"
  },
  {
    "amount": "96",
    "payment_method": "app balance",
    "private_visibility": "False",
    "receiver": "Mahmoud"
  },
  {
    "amount": "89",
    "payment_method": "debit card",
    "private_visibility": "False",
    "receiver": "Rachel"
  },
  {
    "amount": "130",
    "private_visibility": "True",
    "receiver": "Tom"
  },
  {
    "amount": "169",
    "payment_method": "credit card",
    "private_visibility": "False",
    "receiver": "Yumi"
  },
  {
    "amount": "96",
    "payment_method": "debit card",
    "private_visibility": "False",
    "receiver": "Amelia"
  },
  {
    "amount": "215",
    "private_visibility": "True",
    "receiver": "Mahmoud"
  },
  {
    "amount": "42",
    "payment_method": "app balance",
    "private_visibility": "False",
    "receiver": "Victoria"
  },
  {
    "amount": "154",
    "payment_method": "debit card",
    "private_visibility": "True",
    "receiver": "Mary"
  },
  {
    "amount": "132",
    "private_visibility": "False",
    "receiver": "Rachel"
  },
  {
    "amount": "84",
    "payment_method": "credit card",
    "private_visibility": "False",
    "receiver": "Svetlana"
  },
  {
    "amount": "110",
    "payment_method": "debit card",
    "private_visibility": "False",
    "receiver": "Tom"
  },
  {
    "amount": "161",
    "private_visibility": "False",
    "receiver": "Jerry"
  },
  {
    "amount": "79",
    "payment_method": "app balance",
    "private_visibility": "True",
    "receiver": "Victoria"
  },
  {
    "amount": "34",
    "payment_method": "app balance",
    "private_visibility": "False",
    "receiver": "Rachel"
  },
  {
    "amount": "58",
    "private_visibility": "False",
    "receiver": "Tom"
  },
  {
    "amount": "141",
    "payment_method": "debit card",
    "private_visibility": "False",
    "receiver": "Bob"
  },
  {
    "amount": "162",
    "payment_method": "credit card",
    "private_visibility": "False",
    "receiver": "Rachel"
  },
  {
    "amount": "134",
    "private_visibility": "False",
    "receiver": "Bob"
  },
  {
    "amount": "53",
    "payment_method": "app balance",
    "private_visibility": "True",
    "receiver": "Mary"
  },
  {
    "amount": "21",
    "payment_method": "app balance",
    "private_visibility": "False",
    "receiver": "Emma"
  },
  {
    "amount": "61",
    "private_visibility": "False",
    "receiver": "Mahmoud"
  },
  {
    "amount": "29",
    "payment_method": "credit card",
    "private_visibility": "False",
    "receiver": "Margaret"
  },
  {
    "amount": "83",
    "payment_method": "credit card",
    "private_visibility": "False",
    "receiver": "Margaret"
  },
  {
    "amount": "35",
    "private_visibility": "False",
    "receiver": "Yumi"
  },
  {
    "amount": "16",
    "payment_method": "debit card",
    "private_visibility": "True",
    "receiver": "Mary"
  },
  {
    "amount": "29",
    "payment_method": "credit card",
    "private_visibility": "False",
    "receiver": "Amelia"
  },
  {
    "amount": "50",
    "private_visibility": "False",
    "receiver": "Rachel"
  },
  {
    "amount": "42",
    "payment_method": "debit card",
    "private_visibility": "False",
    "receiver": "Peter"
  },
  {
    "amount": "123",
    "payment_method": "app balance",
    "private_visibility": "False",
    "receiver": "Wilson"
  },
  {
    "amount": "80",
    "private_visibility": "False",
    "receiver": "Rachel"
  },
  {
    "amount": "45",
    "payment_method": "debit card",
    "private_visibility": "False",
    "receiver": "Jerry"
  },
  {
    "amount": "164",
    "payment_method": "app balance",
    "private_visibility": "False",
    "receiver": "Emma"
  },
  {
    "amount": "14",
    "private_visibility": "False",
    "receiver": "Victoria"
  },
  {
    "amount": "36",
    "payment_method": "credit card",
    "private_visibility": "False",
    "receiver": "Bob"
  },
  {
    "amount": "44",
    "payment_method": "app balance",
    "private_visibility": "False",
    "receiver": "Wilson"
  },
  {
    "amount": "53",
    "private_visibility": "True",
    "receiver": "Amelia"
  },
  {
    "amount": "73",
    "payment_method": "debit card",
    "private_visibility": "False",
    "receiver": "Mahmoud"
  },
  {
    "amount": "117",
    "payment_method": "debit card",
    "private_visibility": "True",
    "receiver": "Tom"
  },
  {
    "amount": "120",
    "private_visibility": "False",
    "receiver": "Jerry"
  },
  {
    "amount": "125",
    "payment_method": "credit card",
    "private_visibility": "False",
    "receiver": "Wilson"
  },
  {
    "amount": "166",
    "payment_method": "debit card",
    "private_visibility": "False",
    "receiver": "Rachel"
  },
  {
    "amount": "94",
    "private_visibility": "False",
    "receiver": "Margaret"
  },
  {
    "amount": "16",
    "payment_method": "credit card",
    "private_visibility": "False",
    "receiver": "Isabella"
  },
  {
    "amount": "84",
    "payment_method": "app balance",
    "private_visibility": "False",
    "receiver": "Amelia"
  },
  {
    "amount": "93",
    "private_visibility": "False",
    "receiver": "Isabella"
  },
  {
    "amount": "112",
    "payment_method": "credit card",
    "private_visibility": "False",
    "receiver": "Mahmoud"
  },
  {
    "amount": "34",
    "payment_method": "app balance",
    "private_visibility": "False",
    "receiver": "Diego"
  },
  {
    "amount": "86",
    "private_visibility": "False",
    "receiver": "Emma"
  },
  {
    "amount": "65",
    "payment_method": "credit card",
    "private_visibility": "False",
    "receiver": "Amelia"
  },
  {
    "amount": "164",
    "private_visibility": "False",
    "receiver": "Isabella"
  },
  {
    "amount": "109",
    "payment_method": "app balance",
    "private_visibility": "False",
    "receiver": "Wilson"
  },
  {
    "amount": "12",
    "private_visibility": "False",
    "receiver": "Diego"
  },
  {
    "amount": "44",
    "payment_method": "credit card",
    "private_visibility": "True",
    "receiver": "Amelia"
  },
  {
    "amount": "155",
    "private_visibility": "False",
    "receiver": "Amelia"
  },
  {
    "amount": "119",
    "payment_method": "credit card",
    "private_visibility": "False",
    "receiver": "Svetlana"
  },
  {
    "amount": "138",
    "private_visibility": "True",
    "receiver": "Svetlana"
  },
  {
    "amount": "48",
    "payment_method": "debit card",
    "private_visibility": "False",
    "receiver": "Rachel"
  },
  {
    "amount": "147",
    "private_visibility": "True",
    "receiver": "Peter"
  },
  {
    "amount": "151",
    "payment_method": "app balance",
    "private_visibility": "False",
    "receiver": "Victoria"
  },
  {
    "amount": "9",
    "private_visibility": "False",
    "receiver": "Margaret"
  },
  {
    "amount": "94",
    "payment_method": "debit card",
    "private_visibility": "True",
    "receiver": "Wilson"
  },
  {
    "amount": "115",
    "private_visibility": "True",
    "receiver": "Amelia"
  },
  {
    "amount": "82",
    "payment_method": "debit card",
    "private_visibility": "False",
    "receiver": "Jerry"
  },
  {
    "amount": "117",
    "private_visibility": "False",
    "receiver": "Margaret"
  },
  {
    "amount": "93",
    "payment_method": "credit card",
    "private_visibility": "False",
    "receiver": "Mary"
  },
  {
    "amount": "108",
    "private_visibility": "True",
    "receiver": "Diego"
  },
  {
    "amount": "105",
    "payment_method": "credit card",
    "private_visibility": "False",
    "receiver": "Mary"
  },
  {
    "amount": "60",
    "private_visibility": "False",
    "receiver": "Mary"
  },
  {
    "amount": "115",
    "payment_method": "app balance",
    "private_visibility": "False",
    "receiver": "Bob"
  },
  {
    "amount": "175",
    "private_visibility": "False",
    "receiver": "Margaret"
  },
  {
    "amount": "168",
    "payment_method": "app balance",
    "private_visibility": "False",
    "receiver": "Victoria"
  },
  {
    "amount": "42",
    "private_visibility": "True",
    "receiver": "Wilson"
  },
  {
    "amount": "155",
    "payment_method": "credit card",
    "private_visibility": "False",
    "receiver": "Yumi"
  },
  {
    "amount": "157",
    "private_visibility": "False",
    "receiver": "Isabella"
  },
  {
    "amount": "51",
    "payment_method": "debit card",
    "private_visibility": "False",
    "receiver": "Peter"
  },
  {
    "amount": "79",
    "private_visibility": "False",
    "receiver": "Isabella"
  },
  {
    "amount": "169",
    "payment_method": "debit card",
    "private_visibility": "False",
    "receiver": "Svetlana"
  },
  {
    "amount": "83",
    "private_visibility": "False",
    "receiver": "Mahmoud"
  },
  {
    "amount": "46",
    "payment_method": "debit card",
    "private_visibility": "False",
    "receiver": "Bob"
  },
  {
    "amount": "112",
    "private_visibility": "False",
    "receiver": "Amelia"
  },
  {
    "amount": "27",
    "payment_method": "credit card",
    "private_visibility": "False",
    "receiver": "Svetlana"
  },
  {
    "amount": "30",
    "private_visibility": "True",
    "receiver": "Mary"
  },
  {
    "amount": "94",
    "payment_method": "app balance",
    "private_visibility": "False",
    "receiver": "Yumi"
  },
  {
    "amount": "171",
    "private_visibility": "False",
    "receiver": "Amelia"
  },
  {
    "amount": "138",
    "private_visibility": "False",
    "receiver": "Peter"
  },
  {
    "amount": "101",
    "private_visibility": "False",
    "receiver": "Peter"
  },
  {
    "amount": "79",
    "private_visibility": "False",
    "receiver": "Peter"
  },
  {
    "amount": "30",
    "private_visibility": "False",
    "receiver": "Mahmoud"
  },
  {
    "amount": "11",
    "private_visibility": "True",
    "receiver": "Jerry"
  },
  {
    "amount": "6",
    "private_visibility": "False",
    "receiver": "Victoria"
  },
  {
    "amount": "153",
    "private_visibility": "False",
    "receiver": "Amelia"
  },
  {
    "amount": "4",
    "private_visibility": "True",
    "receiver": "Rachel"
  },
  {
    "amount": "7",
    "private_visibility": "True",
    "receiver": "Jerry"
  },
  {
    "amount": "142",
    "private_visibility": "True",
    "receiver": "Rachel"
  },
  {
    "amount": "52",
    "private_visibility": "False",
    "receiver": "Wilson"
  },
  {
    "amount": "132",
    "private_visibility": "False",
    "receiver": "Wilson"
  },
  {
    "amount": "35",
    "private_visibility": "False",
    "receiver": "Bob"
  },
  {
    "amount": "175",
    "private_visibility": "False",
    "receiver": "Emma"
  },
  {
    "amount": "109",
    "private_visibility": "False",
    "receiver": "Yumi"
  },
  {
    "amount": "13",
    "private_visibility": "False",
    "receiver": "Victoria"
  },
  {
    "amount": "56",
    "private_visibility": "False",
    "receiver": "Mahmoud"
  },
  {
    "amount": "2",
    "private_visibility": "True",
    "receiver": "Isabella"
  },
  {
    "amount": "134",
    "private_visibility": "False",
    "receiver": "Mahmoud"
  },
  {
    "amount": "124",
    "private_visibility": "False",
    "receiver": "Svetlana"
  },
  {
    "amount": "111",
    "private_visibility": "False",
    "receiver": "Diego"
  },
  {
    "amount": "144",
    "private_visibility": "True",
    "receiver": "Yumi"
  },
  {
    "amount": "84",
    "private_visibility": "False",
    "receiver": "Victoria"
  },
  {
    "amount": "117",
    "private_visibility": "False",
    "receiver": "Mary"
  },
  {
    "amount": "51",
    "private_visibility": "False",
    "receiver": "Mary"
  },
  {
    "amount": "103",
    "private_visibility": "False",
    "receiver": "Mary"
  },
  {
    "amount": "71",
    "private_visibility": "False",
    "receiver": "Isabella"
  },
  {
    "amount": "162",
    "private_visibility": "False",
    "receiver": "Diego"
  },
  {
    "amount": "35",
    "private_visibility": "False",
    "receiver": "Svetlana"
  },
  {
    "amount": "6",
    "private_visibility": "True",
    "receiver": "Svetlana"
  },
  {
    "amount": "150",
    "private_visibility": "False",
    "receiver": "Margaret"
  },
  {
    "amount": "135",
    "private_visibility": "False",
    "receiver": "Amelia"
  },
  {
    "amount": "67",
    "private_visibility": "False",
    "receiver": "Tom"
  },
  {
    "amount": "23",
    "private_visibility": "True",
    "receiver": "Bob"
  },
  {
    "amount": "46",
    "private_visibility": "True",
    "receiver": "Margaret"
  },
  {
    "amount": "71",
    "private_visibility": "False",
    "receiver": "Peter"
  },
  {
    "amount": "84",
    "private_visibility": "False",
    "receiver": "Jerry"
  },
  {
    "amount": "14",
    "private_visibility": "False",
    "receiver": "Amelia"
  },
  {
    "amount": "144",
    "private_visibility": "False",
    "receiver": "Isabella"
  },
  {
    "amount": "105",
    "private_visibility": "False",
    "receiver": "Svetlana"
  },
  {
    "amount": "126",
    "private_visibility": "False",
    "receiver": "Tom"
  },
  {
    "amount": "71",
    "private_visibility": "True",
    "receiver": "Peter"
  },
  {
    "amount": "16",
    "private_visibility": "False",
    "receiver": "Jerry"
  },
  {
    "amount": "18",
    "private_visibility": "True",
    "receiver": "Victoria"
  },
  {
    "amount": "112",
    "private_visibility": "False",
    "receiver": "Tom"
  },
  {
    "amount": "39",
    "private_visibility": "False",
    "receiver": "Emma"
  },
  {
    "amount": "106",
    "private_visibility": "True",
    "receiver": "Yumi"
  },
  {
    "amount": "86",
    "private_visibility": "True",
    "receiver": "Svetlana"
  },
  {
    "amount": "99",
    "private_visibility": "True",
    "receiver": "Bob"
  },
  {
    "amount": "115",
    "private_visibility": "False",
    "receiver": "Emma"
  },
  {
    "amount": "4",
    "private_visibility": "False",
    "receiver": "Isabella"
  },
  {
    "amount": "13",
    "private_visibility": "False",
    "receiver": "Jerry"
  },
  {
    "amount": "59",
    "private_visibility": "False",
    "receiver": "Isabella"
  },
  {
    "amount": "159",
    "private_visibility": "True",
    "receiver": "Tom"
  },
  {
    "amount": "45",
    "private_visibility": "False",
    "receiver": "Jerry"
  },
  {
    "amount": "167",
    "private_visibility": "False",
    "receiver": "Yumi"
  },
  {
    "amount": "130",
    "private_visibility": "False",
    "receiver": "Diego"
  },
  {
    "amount": "134",
    "private_visibility": "False",
    "receiver": "Mary"
  },
  {
    "amount": "30",
    "private_visibility": "False",
    "receiver": "Amelia"
  },
  {
    "amount": "17",
    "private_visibility": "False",
    "receiver": "Jerry"
  },
  {
    "amount": "188",
    "private_visibility": "False",
    "receiver": "Peter"
  },
  {
    "amount": "32",
    "private_visibility": "False",
    "receiver": "Svetlana"
  },
  {
    "amount": "115",
    "private_visibility": "True",
    "receiver": "Mahmoud"
  },
  {
    "amount": "120",
    "private_visibility": "True",
    "receiver": "Yumi"
  },
  {
    "amount": "52",
    "private_visibility": "True",
    "receiver": "Emma"
  },
  {
    "amount": "149",
    "private_visibility": "False",
    "receiver": "Peter"
  },
  {
    "amount": "105",
    "private_visibility": "True",
    "receiver": "Svetlana"
  },
  {
    "amount": "170",
    "private_visibility": "True",
    "receiver": "Wilson"
  },
  {
    "amount": "115",
    "private_visibility": "False",
    "receiver": "Tom"
  },
  {
    "amount": "124",
    "private_visibility": "False",
    "receiver": "Victoria"
  },
  {
    "amount": "106",
    "private_visibility": "False",
    "receiver": "Margaret"
  },
  {
    "amount": "77",
    "private_visibility": "False",
    "receiver": "Svetlana"
  },
  {
    "amount": "128",
    "private_visibility": "True",
    "receiver": "Amelia"
  },
  {
    "amount": "124",
    "private_visibility": "False",
    "receiver": "Amelia"
  },
  {
    "amount": "104",
    "private_visibility": "True",
    "receiver": "Mary"
  },
  {
    "amount": "43",
    "private_visibility": "False",
    "receiver": "Tom"
  },
  {
    "amount": "96",
    "private_visibility": "False",
    "receiver": "Svetlana"
  },
  {
    "amount": "50",
    "private_visibility": "True",
    "receiver": "Yumi"
  },
  {
    "amount": "128",
    "private_visibility": "False",
    "receiver": "Svetlana"
  },
  {
    "amount": "68",
    "private_visibility": "False",
    "receiver": "Svetlana"
  },
  {
    "amount": "40",
    "private_visibility": "False",
    "receiver": "Diego"
  },
  {
    "amount": "145",
    "private_visibility": "False",
    "receiver": "Mary"
  },
  {
    "amount": "180",
    "private_visibility": "True",
    "receiver": "Wilson"
  },
  {
    "amount": "30",
    "private_visibility": "True",
    "receiver": "Jerry"
  },
  {
    "amount": "150",
    "private_visibility": "True",
    "receiver": "Tom"
  },
  {
    "amount": "75",
    "private_visibility": "False",
    "receiver": "Emma"
  },
  {
    "amount": "65",
    "private_visibility": "True",
    "receiver": "Rachel"
  },
  {
    "amount": "65",
    "private_visibility": "False",
    "receiver": "Victoria"
  },
  {
    "amount": "109",
    "private_visibility": "False",
    "receiver": "Amelia"
  },
  {
    "amount": "52",
    "private_visibility": "False",
    "receiver": "Emma"
  },
  {
    "amount": "198",
    "private_visibility": "False",
    "receiver": "Mahmoud"
  },
  {
    "amount": "158",
    "payment_method": "debit card",
    "private_visibility": "False",
    "receiver": "Victoria"
  },
  {
    "amount": "36",
    "payment_method": "app balance",
    "private_visibility": "False",
    "receiver": "Bob"
  },
  {
    "amount": "33",
    "payment_method": "app balance",
    "private_visibility": "True",
    "receiver": "Tom"
  },
  {
    "amount": "106",
    "payment_method": "app balance",
    "private_visibility": "True",
    "receiver": "Rachel"
  },
  {
    "amount": "63",
    "payment_method": "app balance",
    "private_visibility": "False",
    "receiver": "Rachel"
  },
  {
    "amount": "7",
    "payment_method": "app balance",
    "private_visibility": "False",
    "receiver": "Peter"
  },
  {
    "amount": "173",
    "payment_method": "app balance",
    "private_visibility": "True",
    "receiver": "Victoria"
  },
  {
    "amount": "132",
    "payment_method": "app balance",
    "private_visibility": "False",
    "receiver": "Margaret"
  },
  {
    "amount": "111",
    "payment_method": "debit card",
    "private_visibility": "False",
    "receiver": "Peter"
  },
  {
    "amount": "38",
    "payment_method": "debit card",
    "private_visibility": "False",
    "receiver": "Amelia"
  },
  {
    "amount": "180",
    "payment_method": "debit card",
    "private_visibility": "False",
    "receiver": "Mahmoud"
  },
  {
    "amount": "84",
    "payment_method": "app balance",
    "private_visibility": "False",
    "receiver": "Yumi"
  },
  {
    "amount": "139",
    "payment_method": "app balance",
    "private_visibility": "True",
    "receiver": "Victoria"
  },
  {
    "amount": "119",
    "payment_method": "debit card",
    "private_visibility": "False",
    "receiver": "Peter"
  },
  {
    "amount": "132",
    "payment_method": "debit card",
    "private_visibility": "False",
    "receiver": "Margaret"
  },
  {
    "amount": "179",
    "payment_method": "debit card",
    "private_visibility": "False",
    "receiver": "Tom"
  },
  {
    "amount": "123",
    "payment_method": "debit card",
    "private_visibility": "False",
    "receiver": "Isabella"
  },
  {
    "amount": "44",
    "payment_method": "debit card",
    "private_visibility": "False",
    "receiver": "Mary"
  },
  {
    "amount": "125",
    "payment_method": "credit card",
    "private_visibility": "True",
    "receiver": "Wilson"
  },
  {
    "amount": "45",
    "payment_method": "credit card",
    "private_visibility": "False",
    "receiver": "Isabella"
  },
  {
    "amount": "11",
    "payment_method": "credit card",
    "private_visibility": "False",
    "receiver": "Mary"
  },
  {
    "amount": "25",
    "payment_method": "credit card",
    "private_visibility": "False",
    "receiver": "Yumi"
  },
  {
    "amount": "68",
    "payment_method": "credit card",
    "private_visibility": "False",
    "receiver": "Margaret"
  },
  {
    "amount": "174",
    "payment_method": "credit card",
    "private_visibility": "False",
    "receiver": "Mary"
  },
  {
    "amount": "55",
    "payment_method": "credit card",
    "private_visibility": "False",
    "receiver": "Rachel"
  },
  {
    "amount": "118",
    "payment_method": "app balance",
    "private_visibility": "True",
    "receiver": "Mahmoud"
  },
  {
    "amount": "116",
    "payment_method": "app balance",
    "private_visibility": "False",
    "receiver": "Bob"
  },
  {
    "amount": "64",
    "payment_method": "app balance",
    "private_visibility": "False",
    "receiver": "Jerry"
  },
  {
    "amount": "18",
    "payment_method": "debit card",
    "private_visibility": "True",
    "receiver": "Mahmoud"
  },
  {
    "amount": "117",
    "payment_method": "debit card",
    "private_visibility": "False",
    "receiver": "Wilson"
  },
  {
    "amount": "32",
    "payment_method": "credit card",
    "private_visibility": "False",
    "receiver": "Victoria"
  },
  {
    "amount": "15",
    "payment_method": "credit card",
    "private_visibility": "False",
    "receiver": "Yumi"
  },
  {
    "amount": "98",
    "payment_method": "credit card",
    "private_visibility": "False",
    "receiver": "Jerry"
  },
  {
    "amount": "121",
    "payment_method": "app balance",
    "private_visibility": "False",
    "receiver": "Isabella"
  },
  {
    "amount": "111",
    "payment_method": "credit card",
    "private_visibility": "False",
    "receiver": "Margaret"
  },
  {
    "amount": "3",
    "payment_method": "credit card",
    "private_visibility": "False",
    "receiver": "Victoria"
  },
  {
    "amount": "75",
    "payment_method": "credit card",
    "private_visibility": "False",
    "receiver": "Rachel"
  },
  {
    "amount": "148",
    "payment_method": "credit card",
    "private_visibility": "False",
    "receiver": "Bob"
  },
  {
    "amount": "58",
    "payment_method": "credit card",
    "private_visibility": "False",
    "receiver": "Svetlana"
  },
  {
    "amount": "49",
    "payment_method": "debit card",
    "private_visibility": "False",
    "receiver": "Margaret"
  },
  {
    "amount": "120",
    "payment_method": "app balance",
    "private_visibility": "False",
    "receiver": "Emma"
  },
  {
    "amount": "153",
    "payment_method": "app balance",
    "private_visibility": "False",
    "receiver": "Svetlana"
  },
  {
    "amount": "72",
    "payment_method": "app balance",
    "private_visibility": "False",
    "receiver": "Mary"
  },
  {
    "amount": "24",
    "payment_method": "app balance",
    "private_visibility": "False",
    "receiver": "Peter"
  },
  {
    "amount": "72",
    "payment_method": "app balance",
    "private_visibility": "False",
    "receiver": "Amelia"
  },
  {
    "amount": "134",
    "payment_method": "debit card",
    "private_visibility": "False",
    "receiver": "Mary"
  },
  {
    "amount": "31",
    "payment_method": "debit card",
    "private_visibility": "False",
    "receiver": "Svetlana"
  },
  {
    "amount": "96",
    "payment_method": "debit card",
    "private_visibility": "False",
    "receiver": "Peter"
  },
  {
    "amount": "176",
    "payment_method": "debit card",
    "private_visibility": "False",
    "receiver": "Margaret"
  },
  {
    "amount": "149",
    "payment_method": "debit card",
    "private_visibility": "False",
    "receiver": "Victoria"
  },
  {
    "amount": "149",
    "payment_method": "debit card",
    "private_visibility": "True",
    "receiver": "Mahmoud"
  },
  {
    "amount": "155",
    "payment_method": "app balance",
    "private_visibility": "False",
    "receiver": "Yumi"
  },
  {
    "amount": "47",
    "payment_method": "app balance",
    "private_visibility": "False",
    "receiver": "Mary"
  },
  {
    "amount": "82",
    "payment_method": "debit card",
    "private_visibility": "False",
    "receiver": "Wilson"
  },
  {
    "amount": "116",
    "payment_method": "credit card",
    "private_visibility": "False",
    "receiver": "Mary"
  },
  {
    "amount": "131",
    "payment_method": "app balance",
    "private_visibility": "False",
    "receiver": "Wilson"
  },
  {
    "amount": "171",
    "payment_method": "credit card",
    "private_visibility": "True",
    "receiver": "Victoria"
  },
  {
    "amount": "169",
    "payment_method": "credit card",
    "private_visibility": "True",
    "receiver": "Jerry"
  },
  {
    "amount": "100",
    "payment_method": "app balance",
    "private_visibility": "False",
    "receiver": "Mary"
  },
  {
    "amount": "152",
    "payment_method": "credit card",
    "private_visibility": "True",
    "receiver": "Emma"
  },
  {
    "amount": "77",
    "payment_method": "app balance",
    "private_visibility": "False",
    "receiver": "Diego"
  },
  {
    "amount": "25",
    "payment_method": "app balance",
    "private_visibility": "False",
    "receiver": "Yumi"
  },
  {
    "amount": "168",
    "payment_method": "app balance",
    "private_visibility": "False",
    "receiver": "Mary"
  },
  {
    "amount": "79",
    "payment_method": "app balance",
    "private_visibility": "False",
    "receiver": "Margaret"
  },
  {
    "amount": "74",
    "payment_method": "credit card",
    "private_visibility": "False",
    "receiver": "Isabella"
  },
  {
    "amount": "82",
    "payment_method": "credit card",
    "private_visibility": "False",
    "receiver": "Jerry"
  },
  {
    "amount": "50",
    "payment_method": "credit card",
    "private_visibility": "True",
    "receiver": "Emma"
  },
  {
    "amount": "126",
    "payment_method": "app balance",
    "private_visibility": "False",
    "receiver": "Amelia"
  },
  {
    "amount": "119",
    "payment_method": "app balance",
    "private_visibility": "False",
    "receiver": "Diego"
  },
  {
    "amount": "121",
    "payment_method": "app balance",
    "private_visibility": "False",
    "receiver": "Mary"
  },
  {
    "amount": "132",
    "payment_method": "debit card",
    "private_visibility": "False",
    "receiver": "Wilson"
  },
  {
    "amount": "89",
    "payment_method": "app balance",
    "private_visibility": "False",
    "receiver": "Margaret"
  },
  {
    "amount": "116",
    "payment_method": "debit card",
    "private_visibility": "False",
    "receiver": "Emma"
  },
  {
    "amount": "43",
    "payment_method": "credit card",
    "private_visibility": "True",
    "receiver": "Mahmoud"
  },
  {
    "amount": "93",
    "payment_method": "credit card",
    "private_visibility": "True",
    "receiver": "Wilson"
  },
  {
    "amount": "17",
    "payment_method": "debit card",
    "private_visibility": "True",
    "receiver": "Svetlana"
  },
  {
    "amount": "90",
    "payment_method": "debit card",
    "private_visibility": "False",
    "receiver": "Mahmoud"
  },
  {
    "amount": "18",
    "payment_method": "credit card",
    "private_visibility": "False",
    "receiver": "Margaret"
  },
  {
    "amount": "129",
    "payment_method": "debit card",
    "private_visibility": "False",
    "receiver": "Emma"
  },
  {
    "amount": "141",
    "payment_method": "debit card",
    "private_visibility": "False",
    "receiver": "Margaret"
  },
  {
    "amount": "127",
    "payment_method": "debit card",
    "private_visibility": "True",
    "receiver": "Diego"
  },
  {
    "amount": "97",
    "payment_method": "debit card",
    "private_visibility": "False",
    "receiver": "Victoria"
  },
  {
    "amount": "10",
    "payment_method": "credit card",
    "private_visibility": "False",
    "receiver": "Margaret"
  },
  {
    "amount": "121",
    "payment_method": "credit card",
    "private_visibility": "False",
    "receiver": "Amelia"
  },
  {
    "amount": "85",
    "payment_method": "credit card",
    "private_visibility": "False",
    "receiver": "Mary"
  },
  {
    "amount": "97",
    "payment_method": "credit card",
    "private_visibility": "False",
    "receiver": "Rachel"
  },
  {
    "amount": "51",
    "payment_method": "debit card",
    "private_visibility": "False",
    "receiver": "Wilson"
  },
  {
    "amount": "104",
    "payment_method": "app balance",
    "private_visibility": "False",
    "receiver": "Jerry"
  },
  {
    "amount": "62",
    "payment_method": "app balance",
    "private_visibility": "False",
    "receiver": "Amelia"
  },
  {
    "amount": "114",
    "payment_method": "app balance",
    "private_visibility": "True",
    "receiver": "Isabella"
  },
  {
    "amount": "122",
    "payment_method": "credit card",
    "private_visibility": "False",
    "receiver": "Diego"
  }
]